first_name,start_date,last_login_time,salary,bonus_percent,senior_management,gender_y,team_y
Douglas,06/08/93,1729773720000000000,97308,6.945,True,Male,Marketing
Thomas,31/03/96,1729752780000000000,61933,4.17,True,Male,Unknown
Maria,23/04/93,1729768620000000000,130590,11.858,False,Female,Finance
Jerry,04/03/05,1729774800000000000,138705,9.34,True,Male,Finance
Larry,24/01/98,1729788420000000000,101004,1.389,True,Male,Client Services
Dennis,18/04/87,1729733700000000000,115163,10.125,False,Male,Legal
Ruby,17/08/87,1729786800000000000,65476,10.012,True,Female,Product
,20/07/15,1729766580000000000,45906,11.598,True,Female,Finance
Angela,22/11/05,1729751340000000000,95570,18.523,True,Female,Engineering
Frances,08/08/02,1729752660000000000,139852,7.524,True,Female,Business Development
Louise,12/08/80,1729760460000000000,63241,15.132,True,Female,Unknown
Julie,26/10/97,1729783140000000000,102508,12.637,True,Female,Legal
Brandon,01/12/80,1729732080000000000,112807,17.492,True,Male,Human Resources
Gary,27/01/08,1729813200000000000,109831,5.831,False,Male,Sales
Kimberly,14/01/99,1729753980000000000,41426,14.543,True,Female,Finance
Lillian,05/06/16,1729750140000000000,59414,1.256,False,Female,Product
Jeremy,21/09/10,1729749360000000000,90370,7.369,False,Male,Human Resources
Shawn,07/12/86,1729799100000000000,111737,6.414,False,Male,Product
Diana,23/10/81,1729765620000000000,132940,19.082,False,Female,Client Services
Donna,22/07/10,1729741680000000000,81014,1.894,False,Female,Product
Lois,22/04/95,1729797480000000000,64714,4.934,True,Unknown,Legal
Matthew,05/09/95,1729735920000000000,100612,13.645,False,Male,Marketing
Joshua,08/03/12,1729735080000000000,90816,18.816,True,Unknown,Client Services
,14/06/12,1729786740000000000,125792,5.042,True,Male,Unknown
John,01/07/92,1729807680000000000,97950,13.873,False,Male,Client Services
,08/10/12,1729732320000000000,37076,18.576,True,Male,Client Services
Craig,27/02/00,1729755900000000000,37598,7.757,True,Male,Marketing
Scott,11/07/91,1729796280000000000,122367,5.218,False,Unknown,Legal
Terry,27/11/81,1729794600000000000,124008,13.464,True,Male,Client Services
Benjamin,26/01/05,1729807560000000000,79529,7.008,True,Male,Legal
Christina,06/08/02,1729775940000000000,118780,9.096,True,Female,Engineering
Joyce,20/02/05,1729780800000000000,88657,12.752,False,Unknown,Product
,21/08/98,1729780020000000000,122340,6.417,True,Male,Unknown
Jean,18/12/93,1729760820000000000,119082,16.18,False,Female,Business Development
Jerry,10/01/04,1729774560000000000,95734,19.096,False,Male,Client Services
Theresa,10/10/06,1729732320000000000,85182,16.675,False,Female,Sales
Rachel,16/02/09,1729802820000000000,142032,12.599,False,Female,Business Development
Linda,19/10/81,1729802940000000000,57427,9.557,True,Female,Client Services
Stephanie,13/09/86,1729734720000000000,36844,5.574,True,Female,Business Development
,29/01/16,1729737180000000000,122173,7.797,True,Male,Client Services
Michael,10/10/08,1729769100000000000,99283,2.665,True,Male,Distribution
Christine,28/06/15,1729732080000000000,66582,11.308,True,Unknown,Business Development
Beverly,09/09/98,1729801560000000000,121918,15.835,False,Female,Legal
Marilyn,07/12/80,1729739760000000000,73524,5.207,True,Female,Marketing
Cynthia,16/11/88,1729796040000000000,145146,7.482,True,Female,Product
Roger,17/04/80,1729769520000000000,88010,13.886,True,Male,Sales
Bruce,28/11/09,1729810020000000000,114796,6.796,False,Male,Finance
Kathy,22/06/05,1729745460000000000,66820,9.0,True,Female,Client Services
Clarence,26/03/96,1729749420000000000,93581,6.083,True,Male,Business Development
Chris,24/01/80,1729771980000000000,113590,3.055,False,Unknown,Sales
Nancy,23/09/00,1729757100000000000,94976,13.83,True,Female,Engineering
,17/12/11,1729758540000000000,41126,14.009,True,Unknown,Sales
Todd,18/02/90,1729737660000000000,49339,1.695,True,Male,Human Resources
Alan,03/03/14,1729776480000000000,40341,17.578,True,Unknown,Finance
Sara,15/08/07,1729761780000000000,83677,8.999,False,Female,Engineering
Karen,30/11/99,1729755960000000000,102488,17.653,True,Female,Product
Carl,03/05/06,1729792500000000000,130276,16.084,True,Male,Finance
Henry,26/06/96,1729734240000000000,64715,15.107,True,Male,Human Resources
Theresa,11/04/10,1729754280000000000,72670,1.481,True,Female,Engineering
Irene,07/05/97,1729762320000000000,66851,11.279,False,Female,Engineering
Paula,23/11/05,1729778460000000000,48866,4.271,False,Unknown,Distribution
Denise,06/11/01,1729771380000000000,106862,3.699,False,Female,Business Development
,12/06/07,1729790700000000000,58112,19.414,True,Female,Marketing
Matthew,02/01/13,1729809180000000000,35203,18.04,False,Male,Human Resources
Kathleen,11/04/90,1729795560000000000,77834,18.771,False,Unknown,Business Development
Steve,11/11/09,1729813440000000000,61310,12.428,True,Male,Distribution
Nancy,15/12/12,1729814220000000000,125250,2.672,True,Female,Business Development
Rachel,16/08/99,1729752780000000000,51178,9.735,True,Female,Finance
Jose,30/10/04,1729777140000000000,84834,14.33,True,Male,Finance
Irene,14/07/15,1729787460000000000,100863,4.382,True,Unknown,Finance
Todd,10/06/03,1729779960000000000,84692,6.617,False,Unknown,Client Services
Johnny,06/11/09,1729786980000000000,118172,16.194,True,Male,Sales
Bobby,07/05/07,1729764060000000000,54043,3.833,False,Male,Product
Frances,04/04/99,1729786740000000000,90582,4.709,True,Female,Sales
Thomas,04/06/95,1729779840000000000,62096,17.029,False,Male,Marketing
Bonnie,02/07/91,1729733220000000000,104897,5.118,True,Female,Human Resources
Margaret,10/09/88,1729773720000000000,131604,7.353,True,Female,Distribution
Charles,14/09/04,1729800780000000000,107391,1.26,True,Male,Marketing
Robin,04/06/83,1729782900000000000,114797,5.965,True,Female,Sales
Bonnie,13/11/88,1729783800000000000,115814,4.99,False,Female,Product
Gerald,17/03/95,1729731000000000000,137126,15.602,True,Unknown,Sales
Christopher,30/03/08,1729767120000000000,47369,14.822,False,Male,Legal
Steven,30/03/80,1729804800000000000,35095,8.379,True,Male,Client Services
Shawn,23/09/05,1729738500000000000,148115,6.539,True,Male,Finance
Doris,20/08/04,1729749060000000000,83072,7.511,False,Female,Finance
Jeremy,01/02/08,1729759800000000000,100238,3.887,True,Male,Client Services
Annie,29/09/07,1729728660000000000,103495,17.29,True,Unknown,Business Development
Annie,30/01/93,1729735500000000000,144887,8.276,True,Female,Sales
Donna,27/11/91,1729778340000000000,64088,6.155,True,Female,Legal
Janice,12/03/16,1729730400000000000,51082,11.955,False,Female,Legal
Janice,21/08/97,1729746720000000000,91719,11.583,True,Unknown,Legal
James,26/01/05,1729810800000000000,128771,8.309,False,Unknown,Unknown
Linda,25/05/00,1729791900000000000,119009,12.506,True,Female,Business Development
Virginia,07/05/94,1729792680000000000,111858,1.601,True,Unknown,Legal
Harry,26/08/81,1729782960000000000,130620,7.03,False,Male,Legal
Heather,11/07/98,1729779420000000000,43026,14.166,False,Female,Client Services
Cynthia,21/03/94,1729758840000000000,142321,1.737,False,Female,Finance
Laura,19/07/14,1729804980000000000,140371,10.62,True,Unknown,Marketing
Tina,16/06/16,1729799220000000000,100705,16.961,True,Female,Marketing
Harold,02/01/85,1729806000000000000,77544,12.447,False,Male,Business Development
Melissa,21/06/05,1729751580000000000,48109,14.995,False,Female,Finance
Aaron,17/02/12,1729765200000000000,61602,11.849,True,Male,Marketing
Jack,12/01/97,1729749060000000000,103902,12.159,False,Male,Client Services
Phyllis,11/10/96,1729805400000000000,136984,8.932,True,Female,Finance
John,23/12/89,1729753260000000000,80740,19.305,False,Male,Marketing
Kathy,09/03/96,1729744380000000000,91712,8.567,False,Female,Finance
Paul,04/08/93,1729797900000000000,42146,3.046,False,Male,Legal
Steven,23/04/13,1729807920000000000,68680,16.565,False,Male,Legal
Russell,05/05/88,1729756620000000000,133980,12.396,True,Unknown,Legal
Christopher,22/04/00,1729764900000000000,37919,11.449,False,Male,Unknown
Shirley,20/06/01,1729809540000000000,147113,16.135,False,Female,Legal
Bonnie,17/12/99,1729782720000000000,42153,8.454,True,Female,Business Development
Willie,27/11/03,1729750860000000000,64363,4.023,False,Male,Marketing
Tina,12/06/09,1729754160000000000,114767,3.711,True,Female,Engineering
Ashley,04/08/02,1729767600000000000,58698,6.811,True,Female,Business Development
Pamela,01/07/82,1729752660000000000,54585,4.166,False,Female,Product
,22/06/91,1729803480000000000,76189,18.988,True,Male,Legal
Steven,01/03/95,1729782180000000000,109095,9.494,False,Male,Finance
Andrea,12/01/12,1729748580000000000,120204,9.557,False,Female,Business Development
Paul,03/06/08,1729782300000000000,41054,12.299,False,Male,Marketing
Peter,17/11/94,1729793700000000000,84885,15.402,False,Male,Business Development
Kathleen,09/05/16,1729760100000000000,119735,18.74,False,Unknown,Product
Christina,13/04/12,1729778640000000000,110169,13.892,True,Female,Engineering
Helen,29/11/01,1729737000000000000,73789,14.841,True,Female,Product
Marilyn,16/11/83,1729758540000000000,76078,2.401,True,Female,Product
Patricia,01/09/03,1729752360000000000,49368,14.226,False,Female,Human Resources
Michelle,30/03/84,1729795380000000000,57325,17.179,True,Female,Human Resources
William,29/09/02,1729786140000000000,66521,5.83,False,Male,Human Resources
Kenneth,25/08/87,1729804560000000000,127654,16.439,True,Male,Client Services
Antonio,25/10/88,1729777800000000000,60866,13.101,True,Male,Business Development
Shirley,01/05/84,1729775700000000000,41334,6.219,True,Female,Human Resources
Rebecca,10/07/92,1729729380000000000,94231,17.517,False,Female,Product
Carlos,04/01/95,1729753320000000000,146670,10.763,False,Male,Human Resources
Lois,25/12/87,1729786560000000000,106317,2.235,True,Female,Client Services
Carolyn,09/04/11,1729748280000000000,109260,2.65,True,Female,Business Development
Gloria,29/06/07,1729748040000000000,134148,8.833,True,Female,Legal
Henry,24/04/95,1729743480000000000,43542,19.687,False,Male,Legal
Adam,21/05/11,1729734300000000000,95327,15.12,False,Male,Distribution
Ashley,25/05/06,1729769400000000000,112238,6.03,True,Female,Engineering
,03/10/90,1729732080000000000,132373,10.527,True,Female,Unknown
Shirley,28/02/81,1729776180000000000,113850,1.854,False,Female,Marketing
Adam,24/12/90,1729803420000000000,110194,14.727,True,Male,Product
Elizabeth,09/10/03,1729792380000000000,146129,5.687,False,Female,Finance
Teresa,28/01/16,1729767300000000000,140013,8.689,True,Unknown,Engineering
Nicole,05/03/82,1729780080000000000,122717,12.452,False,Unknown,Sales
Jennifer,04/04/09,1729810020000000000,71715,13.079,True,Female,Client Services
Patricia,25/11/92,1729736640000000000,95322,4.15,False,Female,Product
Philip,17/07/08,1729776600000000000,89227,3.996,False,Male,Legal
Patrick,14/07/91,1729736640000000000,124488,14.837,True,Unknown,Sales
,17/08/14,1729778400000000000,86230,8.578,True,Female,Distribution
Sean,04/05/96,1729803540000000000,135490,19.934,False,Male,Marketing
Brandon,03/11/97,1729801020000000000,121333,15.295,False,Unknown,Business Development
Ruth,19/08/99,1729742580000000000,129297,8.067,True,Female,Client Services
Victor,10/03/11,1729802400000000000,84546,10.489,True,Unknown,Finance
Rebecca,15/11/80,1729743180000000000,85730,5.359,True,Female,Product
Marie,16/03/03,1729728720000000000,104058,17.695,True,Female,Business Development
Howard,27/04/92,1729732200000000000,105062,1.563,False,Male,Human Resources
,27/07/05,1729758720000000000,79536,14.443,True,Female,Product
Norma,28/02/99,1729802700000000000,114412,8.756,True,Female,Marketing
James,22/11/83,1729810320000000000,68501,14.316,False,Unknown,Marketing
Kathy,18/03/00,1729797960000000000,149563,16.991,True,Female,Finance
Marilyn,22/08/99,1729760940000000000,103386,11.451,False,Unknown,Distribution
Arthur,13/04/98,1729769280000000000,89786,14.422,True,Male,Legal
Terry,03/09/90,1729804500000000000,52226,19.135,False,Male,Client Services
Mary,13/08/99,1729731780000000000,134645,18.197,False,Female,Business Development
,23/03/14,1729776480000000000,59148,9.061,True,Female,Legal
,09/07/91,1729795920000000000,42341,7.014,True,Female,Sales
Christopher,24/12/11,1729772520000000000,142178,17.984,True,Male,Sales
Peter,03/09/87,1729792740000000000,38989,7.017,True,Unknown,Marketing
Michelle,04/11/96,1729805640000000000,53754,5.455,True,Female,Product
Irene,29/01/92,1729769760000000000,133772,19.02,True,Female,Sales
Patrick,17/08/07,1729739760000000000,143499,17.495,True,Male,Engineering
Sara,23/09/91,1729793820000000000,97058,9.402,False,Female,Finance
Lillian,21/12/08,1729795860000000000,85446,3.959,True,Female,Engineering
,18/09/07,1729796340000000000,40297,6.185,True,Unknown,Client Services
Willie,17/02/98,1729801200000000000,146651,1.451,True,Male,Engineering
Victor,08/01/03,1729774920000000000,124486,10.166,False,Male,Product
Wayne,07/04/12,1729756800000000000,102652,14.085,True,Male,Distribution
Jane,03/09/97,1729735260000000000,144474,17.648,False,Female,Product
Jessica,23/10/95,1729749180000000000,68759,19.343,True,Female,Finance
Mark,12/04/08,1729791600000000000,57286,5.025,True,Male,Business Development
Randy,14/11/99,1729771920000000000,58129,1.952,True,Male,Distribution
Lillian,19/06/99,1729788240000000000,123940,12.184,True,Female,Business Development
Ruth,18/05/99,1729749360000000000,98233,2.518,True,Unknown,Distribution
Jerry,18/12/03,1729752360000000000,140810,9.177,True,Male,Client Services
Sandra,19/01/83,1729754700000000000,42090,8.842,True,Female,Legal
,23/02/05,1729806600000000000,149654,1.825,True,Female,Sales
Roger,19/11/04,1729785300000000000,51430,6.46,False,Male,Marketing
Charles,14/10/00,1729806000000000000,71749,15.931,False,Male,Legal
Clarence,02/05/98,1729739760000000000,85700,1.215,False,Male,Sales
Carol,19/03/96,1729741140000000000,57783,9.129,False,Female,Finance
Lois,18/10/13,1729788660000000000,36946,6.652,False,Female,Engineering
Barbara,03/05/03,1729798320000000000,99326,16.475,True,Unknown,Legal
Rebecca,18/02/95,1729752600000000000,109259,4.443,True,Female,Legal
Irene,30/01/04,1729801500000000000,131038,8.996,False,Female,Distribution
Ronald,30/04/14,1729779540000000000,121068,12.757,True,Male,Product
Steven,10/11/85,1729767180000000000,62719,19.127,False,Male,Client Services
Carolyn,06/11/12,1729741860000000000,69268,3.031,False,Female,Client Services
Maria,27/12/90,1729807020000000000,36067,9.64,True,Female,Product
Jonathan,17/07/09,1729757700000000000,130581,16.736,True,Male,Unknown
Gary,12/08/87,1729728240000000000,89661,8.525,False,Male,Finance
Kimberly,15/07/97,1729749420000000000,36643,7.953,False,Female,Marketing
Roger,08/11/82,1729737120000000000,140558,5.084,True,Male,Sales
Diana,04/01/13,1729756380000000000,103521,2.784,True,Female,Business Development
Willie,06/06/06,1729763100000000000,55281,4.935,True,Male,Marketing
Brandon,27/03/06,1729792440000000000,115711,8.012,True,Male,Finance
Patricia,06/12/12,1729742460000000000,114079,8.399,True,Female,Client Services
Katherine,14/11/99,1729757700000000000,57531,1.767,False,Female,Client Services
Jonathan,12/10/87,1729738740000000000,141069,4.903,False,Male,Human Resources
Emily,20/09/07,1729769100000000000,89434,11.295,False,Female,Engineering
Ruth,12/08/86,1729798140000000000,44639,9.148,True,Female,Legal
Linda,24/06/06,1729771440000000000,110967,19.612,True,Female,Human Resources
Lisa,02/11/09,1729762920000000000,115387,1.821,False,Female,Client Services
Evelyn,24/05/80,1729811400000000000,81673,15.364,True,Female,Engineering
Julie,23/07/89,1729777920000000000,109588,3.55,False,Female,Engineering
Mary,30/05/09,1729813260000000000,92544,3.8,False,Female,Client Services
Matthew,31/07/13,1729757040000000000,142373,2.462,False,Male,Marketing
Douglas,03/09/99,1729785600000000000,83341,1.015,True,Male,Client Services
Gregory,15/06/92,1729746480000000000,98865,10.628,True,Unknown,Finance
Billy,13/03/95,1729771500000000000,120444,7.768,True,Male,Finance
,17/06/91,1729774140000000000,71945,5.56,True,Female,Marketing
Gregory,29/01/00,1729749660000000000,109564,3.845,False,Male,Legal
Jason,17/10/99,1729807740000000000,78417,3.067,False,Male,Finance
Daniel,30/04/10,1729741680000000000,106947,15.866,True,Male,Legal
Sarah,14/09/95,1729756200000000000,87298,2.311,False,Female,Distribution
Harry,01/10/15,1729799220000000000,64579,15.266,True,Male,Sales
Kathy,19/04/95,1729730760000000000,50905,9.404,True,Female,Finance
Todd,13/04/99,1729765860000000000,59728,11.226,True,Male,Client Services
Bobby,23/09/94,1729733340000000000,51685,17.445,True,Male,Engineering
Jeremy,08/06/00,1729728900000000000,49542,1.679,True,Male,Distribution
George,24/02/88,1729769340000000000,38375,8.999,False,Unknown,Legal
Diane,18/04/93,1729740120000000000,64084,17.018,False,Female,Product
Marilyn,04/04/97,1729805280000000000,147663,10.263,False,Female,Human Resources
Kathryn,04/02/04,1729777620000000000,73935,14.752,False,Female,Sales
Irene,04/02/82,1729790760000000000,40837,12.182,True,Female,Client Services
Norma,11/02/15,1729813440000000000,94393,3.643,True,Female,Engineering
Laura,02/04/06,1729778220000000000,42087,2.624,False,Female,Product
Cheryl,23/09/08,1729738620000000000,52080,9.375,False,Female,Legal
Kevin,25/03/82,1729755060000000000,35061,5.128,False,Male,Legal
Lillian,12/05/16,1729784580000000000,64164,17.612,False,Unknown,Human Resources
Phyllis,21/04/84,1729796700000000000,94088,19.107,False,Unknown,Distribution
Walter,06/07/83,1729814040000000000,127813,5.961,False,Male,Finance
Robert,27/10/90,1729797300000000000,38041,18.428,True,Male,Engineering
Jimmy,07/10/86,1729792380000000000,126310,5.413,True,Male,Product
Clarence,08/10/96,1729774380000000000,142561,8.866,False,Male,Client Services
Victor,11/04/91,1729755840000000000,70817,17.138,False,Male,Engineering
Fred,02/12/84,1729778580000000000,59937,12.045,True,Unknown,Human Resources
Brenda,27/07/10,1729811220000000000,106115,3.742,True,Unknown,Product
Justin,06/12/92,1729792680000000000,82782,4.366,True,Male,Distribution
Betty,12/06/02,1729742340000000000,104896,19.55,True,Female,Business Development
Randy,06/02/86,1729782240000000000,133943,8.94,True,Unknown,Sales
Sharon,01/03/90,1729741560000000000,83658,6.513,False,Unknown,Business Development
Ralph,11/11/04,1729733700000000000,71896,4.232,True,Male,Marketing
,28/04/03,1729738860000000000,113732,10.391,True,Unknown,Sales
Edward,27/05/85,1729807980000000000,110485,7.995,False,Male,Client Services
Denise,20/03/09,1729756620000000000,115118,5.108,False,Female,Human Resources
Debra,13/03/98,1729811760000000000,48696,4.75,False,Female,Legal
,25/11/99,1729750560000000000,42676,15.517,True,Male,Sales
Michael,24/01/02,1729739040000000000,43586,12.659,False,Male,Unknown
Henry,06/02/95,1729758840000000000,89258,15.585,True,Male,Human Resources
Gloria,27/03/07,1729734240000000000,90730,2.491,False,Female,Distribution
Marie,06/08/95,1729778280000000000,100308,13.677,False,Female,Product
Anne,16/07/86,1729778880000000000,69134,3.723,True,Female,Engineering
Sarah,21/11/85,1729775280000000000,58295,14.603,True,Unknown,Engineering
Stephanie,24/03/83,1729768500000000000,50141,13.218,True,Female,Human Resources
Roy,23/09/04,1729776660000000000,101941,3.45,False,Male,Client Services
,05/08/09,1729757640000000000,115145,14.063,True,Female,Distribution
,04/02/05,1729774860000000000,40451,16.044,True,Male,Distribution
Irene,03/03/82,1729758360000000000,56526,5.81,True,Female,Finance
,02/08/92,1729802100000000000,145316,18.517,True,Female,Human Resources
Thomas,06/04/11,1729775040000000000,103235,9.554,True,Male,Human Resources
Frank,20/11/01,1729765080000000000,58563,12.062,True,Unknown,Marketing
Fred,20/02/80,1729736700000000000,74129,18.225,False,Male,Product
Nicholas,12/04/94,1729801260000000000,74669,1.113,True,Male,Product
Howard,05/10/82,1729754520000000000,97490,5.46,True,Male,Marketing
Debra,22/02/94,1729808700000000000,104250,18.456,True,Female,Business Development
Christine,03/07/89,1729742460000000000,94345,11.996,False,Female,Finance
Brenda,29/05/91,1729751520000000000,82439,19.062,False,Unknown,Sales
Betty,28/06/05,1729792980000000000,51613,12.984,False,Female,Distribution
Ruby,08/11/00,1729798500000000000,105946,1.139,False,Female,Business Development
Kevin,12/07/97,1729735620000000000,46080,9.635,False,Male,Business Development
Arthur,01/01/14,1729799160000000000,134610,6.147,True,Male,Human Resources
Carl,07/02/14,1729742220000000000,125104,12.345,False,Unknown,Client Services
Todd,11/03/09,1729741380000000000,107281,1.612,True,Male,Engineering
Brenda,06/10/05,1729805580000000000,141521,4.337,False,Female,Client Services
Judy,16/09/97,1729728600000000000,65931,2.304,False,Female,Human Resources
Todd,02/02/84,1729764780000000000,69989,10.985,True,Male,Finance
Lois,09/11/11,1729753560000000000,147183,9.999,True,Female,Client Services
Walter,21/12/99,1729809180000000000,66757,18.099,False,Unknown,Distribution
Jessica,27/09/85,1729776900000000000,75145,6.388,True,Female,Legal
Jeremy,14/06/88,1729794000000000000,129460,13.657,True,Male,Unknown
Tammy,11/11/84,1729765800000000000,132839,17.463,True,Female,Client Services
Anne,07/03/00,1729752300000000000,44537,18.284,True,Female,Client Services
Jesse,25/10/99,1729784100000000000,118733,9.653,False,Male,Marketing
Virginia,20/10/99,1729750980000000000,46905,19.154,False,Female,Distribution
Jesse,02/03/81,1729797960000000000,79582,3.873,False,Male,Legal
Jeremy,10/11/96,1729777740000000000,55394,3.18,True,Unknown,Sales
Daniel,15/09/07,1729808160000000000,123811,7.664,True,Male,Human Resources
Patrick,30/08/04,1729770180000000000,137314,4.542,True,Unknown,Marketing
Emily,13/01/88,1729752120000000000,36711,19.028,True,Female,Human Resources
Alan,26/06/88,1729742040000000000,111786,3.592,True,Male,Engineering
James,11/07/15,1729803120000000000,72257,13.023,False,Male,Engineering
Adam,05/07/07,1729771140000000000,71276,5.027,True,Male,Human Resources
Joan,25/07/80,1729772520000000000,38712,3.657,False,Unknown,Client Services
Jeremy,12/08/81,1729728300000000000,46930,18.702,True,Male,Finance
Margaret,06/02/93,1729775100000000000,125220,3.733,False,Female,Marketing
Mark,01/04/84,1729776060000000000,121477,17.44,True,Male,Business Development
Marilyn,26/09/81,1729736580000000000,86386,2.937,False,Female,Distribution
Cheryl,08/09/09,1729764960000000000,81308,2.196,True,Female,Legal
Benjamin,11/09/84,1729751820000000000,84810,15.794,False,Male,Marketing
Harold,20/02/90,1729810800000000000,66775,2.158,True,Male,Legal
Ernest,18/01/02,1729734660000000000,72145,13.448,True,Unknown,Finance
Gerald,16/04/01,1729807740000000000,121604,1.923,True,Male,Sales
Judy,01/07/91,1729737180000000000,109510,13.457,True,Female,Legal
Bobby,31/03/96,1729791600000000000,112117,6.338,False,Male,Unknown
Bobby,01/09/95,1729778940000000000,108127,15.858,False,Unknown,Client Services
Marie,03/10/13,1729800300000000000,123711,10.966,False,Female,Product
Kathy,18/12/13,1729782540000000000,132381,8.34,False,Female,Business Development
Roy,06/08/06,1729756320000000000,148225,1.841,False,Male,Finance
Jacqueline,25/11/81,1729782060000000000,145988,18.243,False,Female,Marketing
,08/07/08,1729813200000000000,62960,14.356,True,Female,Sales
Julie,23/03/86,1729761960000000000,56926,7.507,False,Female,Sales
Douglas,08/01/02,1729795320000000000,41428,14.372,False,Male,Product
Linda,16/12/90,1729736400000000000,115658,3.041,True,Female,Sales
Ruby,10/12/88,1729801620000000000,76707,6.031,False,Female,Business Development
Russell,02/01/05,1729734480000000000,60388,17.885,False,Male,Client Services
Jeffrey,18/06/97,1729800060000000000,45150,12.075,True,Male,Product
Aaron,29/01/94,1729795680000000000,58755,5.097,True,Male,Marketing
Samuel,19/12/91,1729738440000000000,76076,5.319,True,Male,Finance
,27/01/10,1729738620000000000,87760,14.987,True,Male,Engineering
Randy,16/03/14,1729794240000000000,135119,7.887,False,Male,Client Services
Evelyn,03/09/83,1729778280000000000,36759,17.269,True,Female,Marketing
Fred,13/02/87,1729779300000000000,121723,18.645,True,Male,Product
Shirley,08/06/86,1729736700000000000,110061,7.494,False,Female,Client Services
Todd,23/05/11,1729786440000000000,85074,1.844,False,Male,Client Services
Robert,18/11/14,1729746000000000000,85799,19.93,False,Male,Finance
Mark,22/01/07,1729780620000000000,75150,12.182,True,Male,Legal
Earl,05/01/00,1729791960000000000,91344,4.035,True,Male,Sales
Richard,27/09/05,1729734060000000000,86326,10.717,False,Male,Product
Michael,22/11/91,1729774620000000000,98753,16.443,True,Male,Human Resources
Steven,12/05/09,1729779240000000000,113060,2.846,True,Male,Sales
Carlos,19/09/07,1729731660000000000,77327,11.58,True,Male,Finance
Marie,20/10/11,1729807740000000000,62666,10.247,False,Female,Product
Ronald,24/02/09,1729778940000000000,96633,4.99,True,Male,Engineering
Scott,12/05/09,1729744560000000000,58248,3.914,False,Male,Business Development
Steven,21/11/06,1729758600000000000,83706,6.96,True,Male,Human Resources
James,22/11/98,1729741680000000000,74086,5.778,True,Male,Human Resources
Lori,31/03/88,1729810740000000000,95389,14.223,False,Female,Sales
Philip,02/08/89,1729768860000000000,129968,19.897,False,Male,Finance
Phyllis,24/11/05,1729814220000000000,140347,8.723,False,Female,Sales
Thomas,31/08/95,1729801860000000000,41549,3.95,False,Unknown,Sales
Cynthia,03/12/12,1729810980000000000,74287,10.751,False,Female,Sales
,09/10/11,1729762140000000000,69906,4.844,True,Male,Engineering
,22/04/97,1729805760000000000,65078,3.095,True,Male,Marketing
Elizabeth,10/11/05,1729745760000000000,106406,1.782,True,Female,Legal
Andrea,14/09/03,1729809000000000000,115913,12.121,False,Female,Legal
Judy,01/02/90,1729783920000000000,38092,5.668,False,Female,Distribution
Russell,13/08/14,1729785060000000000,121160,7.843,False,Male,Engineering
Scott,17/12/11,1729741500000000000,90429,4.45,False,Male,Product
Sarah,22/05/94,1729753560000000000,64207,7.824,True,Female,Client Services
Susan,25/09/04,1729733400000000000,80688,18.892,True,Female,Sales
Margaret,05/05/14,1729749660000000000,55044,4.078,False,Female,Sales
Joshua,09/11/09,1729751520000000000,72893,9.555,False,Male,Distribution
Justin,15/04/05,1729802580000000000,96978,13.865,False,Unknown,Finance
Juan,16/04/02,1729811340000000000,97364,3.595,False,Male,Product
Gloria,19/07/83,1729735020000000000,140885,1.113,False,Unknown,Human Resources
Jennifer,24/01/89,1729802280000000000,58520,16.231,True,Unknown,Client Services
Edward,04/08/89,1729749960000000000,66067,10.957,True,Male,Unknown
Marilyn,17/12/82,1729771800000000000,147183,8.748,False,Female,Business Development
Mary,18/10/09,1729794720000000000,87721,12.484,False,Female,Product
Linda,15/07/09,1729807920000000000,144001,2.194,False,Female,Business Development
Larry,27/08/03,1729774800000000000,91133,5.14,False,Male,Sales
Albert,01/02/97,1729786800000000000,67827,19.717,True,Male,Engineering
Kenneth,13/04/99,1729808880000000000,81839,12.072,False,Male,Sales
,31/12/06,1729810920000000000,81444,3.171,True,Female,Distribution
Gregory,09/07/11,1729812660000000000,137661,4.805,True,Unknown,Sales
Brandon,16/10/15,1729737840000000000,112548,4.664,False,Male,Engineering
Stephen,09/04/87,1729774020000000000,111249,10.574,True,Male,Human Resources
Russell,30/10/94,1729748760000000000,114334,9.669,False,Male,Product
,18/09/02,1729773540000000000,118906,4.537,True,Female,Marketing
Pamela,15/07/01,1729776780000000000,72979,5.66,False,Unknown,Sales
Scott,03/08/96,1729734600000000000,64172,10.894,True,Male,Engineering
,18/04/96,1729785420000000000,107024,12.182,True,Female,Unknown
Carlos,28/07/10,1729782480000000000,50167,2.362,False,Male,Product
Jack,24/12/80,1729810680000000000,106995,15.723,False,Male,Product
Debra,19/01/10,1729759680000000000,70492,8.895,False,Female,Client Services
Phyllis,15/01/95,1729747620000000000,125881,16.697,False,Female,Sales
Robert,29/10/94,1729743960000000000,123294,19.894,False,Male,Client Services
Gloria,19/09/89,1729798800000000000,131045,11.312,True,Female,Product
Sharon,28/10/84,1729792740000000000,97635,10.413,True,Unknown,Client Services
Barbara,26/04/01,1729729320000000000,94493,13.443,True,Unknown,Sales
Marilyn,15/08/89,1729761240000000000,140502,9.989,True,Female,Sales
Ralph,27/10/10,1729765680000000000,106310,4.03,True,Male,Client Services
Harry,05/12/96,1729748700000000000,46240,6.976,True,Unknown,Engineering
Robin,08/01/98,1729735920000000000,111163,5.025,True,Female,Product
Kathy,25/11/01,1729806900000000000,93753,7.094,True,Female,Sales
Rose,06/07/02,1729785420000000000,63494,19.385,True,Female,Human Resources
Clarence,13/01/05,1729760400000000000,116693,13.835,True,Male,Distribution
Doris,29/07/92,1729795200000000000,85215,7.425,True,Female,Human Resources
Kathryn,09/06/88,1729762140000000000,86439,7.799,False,Female,Finance
Billy,16/03/04,1729758060000000000,62913,18.241,True,Unknown,Marketing
Norma,16/04/96,1729748400000000000,38872,9.302,True,Female,Business Development
Richard,28/11/92,1729789500000000000,124655,14.272,True,Unknown,Engineering
Craig,08/02/84,1729745100000000000,113506,19.642,False,Male,Marketing
Sarah,20/07/90,1729810140000000000,109980,8.86,False,Unknown,Sales
Sharon,09/03/14,1729787940000000000,91522,7.564,False,Female,Finance
Mary,22/08/10,1729756980000000000,42214,17.538,True,Female,Business Development
Steve,23/02/02,1729742100000000000,83159,9.55,True,Unknown,Distribution
Joe,05/12/10,1729786800000000000,144082,1.62,True,Male,Client Services
Jeremy,29/05/94,1729751040000000000,47885,19.276,True,Male,Human Resources
Ernest,14/08/12,1729769100000000000,126232,6.191,True,Male,Sales
Kevin,23/06/81,1729801560000000000,134598,11.699,False,Male,Business Development
Jacqueline,11/02/07,1729735260000000000,66604,14.609,False,Female,Legal
Johnny,14/09/92,1729758060000000000,115194,5.861,True,Male,Marketing
Gary,18/08/11,1729757520000000000,49101,11.9,True,Male,Business Development
Shirley,16/11/90,1729792860000000000,67811,12.699,False,Unknown,Finance
,29/06/08,1729747380000000000,111043,5.966,True,Male,Distribution
Sarah,31/08/81,1729781460000000000,37748,9.047,False,Unknown,Human Resources
Julia,02/03/82,1729774320000000000,36403,2.664,True,Female,Finance
Dorothy,05/11/13,1729810200000000000,140136,3.12,True,Female,Business Development
Justin,22/05/86,1729751400000000000,121508,19.334,True,Male,Finance
Kevin,20/11/86,1729796340000000000,79906,18.021,True,Male,Sales
Victor,24/09/05,1729771440000000000,123144,16.261,True,Male,Product
Deborah,25/11/80,1729744380000000000,46953,17.436,False,Female,Client Services
Matthew,09/06/03,1729755300000000000,79443,14.637,False,Unknown,Human Resources
Alice,02/05/86,1729734600000000000,51395,2.378,True,Female,Finance
Todd,16/03/16,1729781100000000000,134408,3.56,True,Male,Human Resources
Frank,10/01/81,1729776600000000000,71853,8.037,True,Male,Sales
Christopher,13/05/99,1729766880000000000,68028,7.869,True,Male,Finance
Rose,28/05/15,1729759200000000000,149903,5.63,False,Female,Human Resources
Andrea,01/10/10,1729770840000000000,79123,19.422,False,Female,Distribution
Charles,16/12/99,1729801680000000000,104014,7.077,False,Male,Legal
Jessica,07/03/15,1729802700000000000,121160,12.993,False,Unknown,Client Services
Wanda,20/07/08,1729777440000000000,65362,7.132,True,Female,Legal
Joyce,07/02/95,1729755480000000000,50701,14.227,True,Female,Unknown
Billy,01/12/06,1729783920000000000,144709,10.069,True,Male,Distribution
Kathryn,29/08/07,1729750200000000000,53061,11.864,True,Female,Finance
Denise,18/03/01,1729728120000000000,36697,11.196,True,Female,Sales
Jason,20/11/98,1729781640000000000,69244,6.22,True,Male,Unknown
Nicholas,01/03/13,1729805160000000000,101036,2.826,True,Male,Human Resources
Aaron,22/07/90,1729781580000000000,52119,11.343,True,Male,Client Services
Louise,13/05/03,1729763220000000000,46666,1.886,True,Female,Business Development
Julie,23/04/98,1729749120000000000,73437,2.518,True,Female,Finance
Kathy,08/05/87,1729793940000000000,86318,18.492,True,Female,Sales
,24/05/16,1729804620000000000,76409,7.008,True,Male,Distribution
Chris,12/12/06,1729735020000000000,71642,1.496,False,Male,Unknown
Cheryl,16/08/94,1729758780000000000,67150,15.85,True,Female,Marketing
Gregory,15/05/09,1729785120000000000,142208,11.204,True,Male,Engineering
Wayne,30/01/92,1729782060000000000,81183,17.066,False,Male,Client Services
Beverly,30/11/05,1729738620000000000,107163,3.665,True,Female,Human Resources
Willie,22/08/09,1729774980000000000,55038,19.691,False,Male,Legal
Terry,15/07/16,1729729740000000000,140002,19.49,True,Unknown,Marketing
Scott,17/11/12,1729781220000000000,146812,1.965,True,Male,Marketing
Annie,19/12/94,1729750740000000000,40119,4.338,True,Female,Human Resources
,21/02/95,1729729560000000000,136602,10.429,True,Male,Marketing
Ruth,24/10/00,1729743180000000000,69579,18.029,True,Female,Human Resources
Deborah,03/02/83,1729813080000000000,101457,6.662,False,Unknown,Engineering
Patricia,09/01/15,1729743360000000000,121232,16.624,False,Female,Legal
Albert,30/09/07,1729791240000000000,102626,15.843,False,Male,Finance
Charles,01/03/87,1729774800000000000,137171,5.574,True,Unknown,Marketing
Tina,17/01/05,1729761060000000000,88276,14.248,False,Female,Legal
Jeremy,09/08/01,1729742160000000000,43354,13.946,False,Male,Marketing
Craig,14/04/96,1729761420000000000,125556,7.996,False,Male,Engineering
Jose,11/07/02,1729761300000000000,59862,3.269,False,Male,Product
Lawrence,13/05/05,1729733100000000000,74640,18.641,False,Male,Marketing
Helen,31/10/97,1729737780000000000,52875,4.188,False,Female,Legal
Walter,04/08/07,1729778340000000000,58789,5.461,False,Male,Sales
Amy,19/06/02,1729739160000000000,122897,8.222,True,Female,Engineering
Janice,28/06/97,1729777680000000000,136032,10.696,True,Female,Marketing
Stephen,09/05/15,1729796820000000000,141958,9.078,True,Male,Legal
Ryan,20/07/93,1729808280000000000,139917,11.466,False,Male,Distribution
Sharon,12/03/02,1729751520000000000,147635,14.693,False,Female,Human Resources
Joshua,10/07/84,1729797720000000000,68230,8.047,False,Male,Client Services
Clarence,20/08/92,1729801380000000000,124365,8.457,False,Male,Business Development
Jonathan,15/08/02,1729728060000000000,104749,11.364,False,Male,Engineering
Stephanie,26/11/92,1729731240000000000,122121,7.937,True,Female,Engineering
Kathy,25/10/96,1729774740000000000,143541,8.461,False,Female,Human Resources
Albert,14/08/08,1729791780000000000,137840,9.705,False,Male,Business Development
Michael,22/05/11,1729766520000000000,73354,18.357,False,Male,Business Development
Richard,04/07/97,1729770420000000000,47647,18.787,True,Male,Unknown
Amy,30/03/08,1729810440000000000,106249,15.967,False,Female,Sales
,27/04/13,1729752000000000000,93847,1.085,True,Female,Business Development
Beverly,03/05/95,1729748940000000000,104815,3.38,False,Unknown,Product
,26/04/92,1729800060000000000,115436,3.099,True,Female,Human Resources
Joe,14/04/00,1729782840000000000,50645,11.119,False,Male,Marketing
Ashley,15/08/97,1729806480000000000,142415,1.985,True,Female,Finance
Howard,09/04/12,1729751760000000000,37984,2.021,False,Male,Distribution
Cheryl,03/12/14,1729762020000000000,71751,15.918,False,Female,Business Development
Robert,11/03/07,1729768800000000000,135882,19.944,False,Male,Legal
Sharon,01/07/11,1729763400000000000,46007,19.731,True,Female,Client Services
Judith,23/11/07,1729776120000000000,117055,7.461,False,Female,Marketing
Nicholas,09/09/89,1729797120000000000,58478,6.525,True,Unknown,Distribution
Jerry,30/01/95,1729799460000000000,121357,18.845,False,Male,Business Development
Craig,01/11/05,1729812660000000000,44857,13.266,False,Male,Finance
Barbara,21/03/02,1729756920000000000,47322,7.25,True,Female,Sales
Eugene,24/05/84,1729767240000000000,81077,2.117,False,Male,Sales
Johnny,26/02/16,1729798740000000000,76394,5.437,True,Male,Marketing
Benjamin,05/05/13,1729783680000000000,114356,7.123,False,Male,Client Services
Diana,13/06/94,1729786860000000000,41831,4.548,False,Female,Business Development
Barbara,10/12/80,1729811040000000000,90187,14.764,True,Unknown,Distribution
Christine,01/02/03,1729775460000000000,72613,11.126,False,Female,Legal
Sean,11/02/13,1729796820000000000,42748,9.765,False,Male,Distribution
Sarah,03/11/80,1729781220000000000,37259,1.763,False,Female,Client Services
Roger,03/08/15,1729788960000000000,125033,4.887,True,Male,Marketing
,24/06/14,1729764300000000000,38275,10.494,True,Female,Distribution
,20/04/80,1729775820000000000,71520,13.248,True,Male,Engineering
Donald,14/07/95,1729756260000000000,106472,6.499,True,Male,Client Services
Clarence,03/11/15,1729728660000000000,103684,18.654,True,Male,Engineering
Scott,23/11/96,1729798560000000000,96111,15.592,False,Male,Human Resources
Ann,04/11/84,1729772220000000000,90719,6.22,False,Female,Business Development
Frank,27/04/03,1729771440000000000,140303,17.07,False,Male,Legal
Joe,04/07/83,1729755120000000000,62161,8.13,True,Male,Business Development
Wanda,06/04/93,1729739460000000000,78883,19.695,False,Female,Unknown
Jimmy,19/11/13,1729798140000000000,63549,19.624,False,Male,Unknown
Amy,25/12/84,1729767120000000000,63888,18.115,True,Unknown,Product
Larry,08/01/99,1729735500000000000,97370,10.458,False,Male,Sales
Gloria,12/04/92,1729801560000000000,66224,15.979,True,Female,Legal
Ruth,12/12/96,1729764420000000000,97915,3.997,True,Female,Human Resources
Diana,19/01/95,1729730220000000000,86883,18.003,True,Female,Product
Raymond,16/02/09,1729809480000000000,37812,3.178,False,Male,Human Resources
Peter,22/02/03,1729760940000000000,56580,8.411,True,Male,Unknown
,25/09/81,1729763940000000000,83895,17.971,True,Unknown,Engineering
Catherine,31/08/13,1729797840000000000,58047,14.858,True,Female,Distribution
Diane,05/07/82,1729788960000000000,124889,15.026,True,Female,Sales
Peter,13/10/14,1729805580000000000,118840,14.509,True,Unknown,Client Services
Steve,22/08/95,1729753080000000000,67780,9.54,True,Male,Human Resources
Barbara,22/03/04,1729757460000000000,144677,8.696,False,Female,Finance
Helen,02/12/93,1729777320000000000,45724,1.022,False,Unknown,Product
Jimmy,26/08/83,1729738080000000000,86676,7.175,True,Unknown,Product
Christopher,23/04/14,1729756320000000000,82401,7.252,False,Male,Client Services
Kathleen,13/06/14,1729761360000000000,35575,14.595,False,Female,Distribution
Virginia,02/05/10,1729804200000000000,123649,10.154,True,Female,Marketing
Lisa,26/02/05,1729794780000000000,38078,10.28,True,Female,Product
Earl,11/02/14,1729803780000000000,52620,13.773,False,Male,Product
Gerald,08/01/92,1729785000000000000,133366,12.292,False,Unknown,Legal
Louise,18/09/81,1729748820000000000,91462,8.205,False,Female,Marketing
Clarence,26/08/82,1729763220000000000,146589,4.905,True,Male,Business Development
Cynthia,14/09/91,1729775280000000000,51633,13.472,True,Female,Business Development
Adam,08/10/10,1729806780000000000,45181,3.491,False,Male,Human Resources
Justin,06/09/99,1729765800000000000,62454,3.459,True,Male,Sales
,02/12/09,1729740600000000000,84746,4.82,True,Female,Finance
Ruby,01/05/99,1729740960000000000,147362,7.851,True,Female,Engineering
Amanda,01/08/04,1729776720000000000,80803,14.077,True,Female,Distribution
Anna,15/04/08,1729780440000000000,117293,2.366,False,Female,Client Services
Roger,03/07/10,1729789860000000000,105689,13.32,True,Male,Marketing
Julie,04/02/99,1729791300000000000,93302,9.048,True,Unknown,Product
Joseph,10/09/92,1729795800000000000,102555,3.672,True,Male,Product
Evelyn,22/09/98,1729799700000000000,51525,10.366,False,Female,Finance
Janice,02/01/84,1729803960000000000,41190,3.311,True,Female,Sales
Sara,25/02/80,1729810200000000000,75484,3.186,False,Female,Finance
Gregory,18/06/84,1729741560000000000,82726,16.304,True,Male,Marketing
Philip,18/07/85,1729751760000000000,122319,19.122,False,Male,Engineering
Barbara,02/09/91,1729784460000000000,127297,11.905,True,Female,Product
Amanda,07/06/02,1729755960000000000,109290,13.853,False,Female,Engineering
Phyllis,25/10/85,1729753860000000000,99150,6.007,False,Unknown,Client Services
Anne,26/10/96,1729800540000000000,71930,18.451,True,Female,Product
Arthur,16/12/14,1729788960000000000,66819,6.639,True,Male,Marketing
Jane,01/06/94,1729759140000000000,42424,18.115,False,Female,Distribution
Linda,18/08/85,1729744440000000000,51431,13.295,False,Female,Engineering
Ashley,17/11/99,1729804680000000000,120675,6.51,False,Female,Human Resources
Shawn,03/12/09,1729765440000000000,96610,2.097,True,Male,Client Services
Kathleen,20/09/96,1729784700000000000,71430,8.572,False,Female,Engineering
Sara,07/10/83,1729776900000000000,87713,18.863,True,Unknown,Legal
Randy,02/05/02,1729798740000000000,86723,14.842,False,Male,Engineering
Andrew,29/03/85,1729796220000000000,43414,7.563,True,Male,Client Services
Marilyn,09/08/06,1729769040000000000,87145,17.33,False,Female,Human Resources
Johnny,08/01/95,1729776900000000000,91124,12.986,True,Male,Distribution
,01/04/80,1729800240000000000,48141,12.605,True,Female,Unknown
Susan,18/04/86,1729762260000000000,90829,19.142,False,Female,Marketing
Ruby,07/07/80,1729741320000000000,101262,6.773,False,Female,Client Services
Kelly,16/08/96,1729739340000000000,41427,1.431,False,Female,Product
Jonathan,06/04/95,1729809480000000000,56993,18.623,False,Male,Marketing
Raymond,13/01/96,1729786440000000000,114244,16.69,False,Male,Human Resources
Kimberly,30/12/81,1729745460000000000,81800,5.435,True,Female,Unknown
,13/01/09,1729774860000000000,118736,7.421,True,Female,Client Services
John,22/01/95,1729729020000000000,66077,5.809,True,Male,Product
Michael,30/07/93,1729791300000000000,35013,14.879,False,Male,Product
Jerry,04/05/03,1729744140000000000,98393,11.393,False,Male,Client Services
Amanda,17/03/82,1729813560000000000,107111,1.438,True,Female,Product
Harold,18/10/10,1729802700000000000,65673,1.187,True,Male,Legal
Harry,27/01/85,1729801080000000000,65482,18.089,False,Male,Unknown
Ernest,28/01/90,1729728480000000000,81919,15.118,False,Male,Marketing
Harry,19/11/82,1729769100000000000,59277,10.2,False,Male,Finance
Diane,02/02/88,1729793640000000000,49501,13.506,False,Female,Business Development
Jack,30/05/12,1729739820000000000,70367,18.266,True,Male,Legal
Shirley,16/04/88,1729768140000000000,132156,2.754,False,Female,Marketing
Rose,30/10/04,1729787640000000000,56961,7.585,False,Female,Marketing
Cheryl,23/07/82,1729751280000000000,98841,8.945,True,Female,Client Services
Cynthia,23/05/80,1729739940000000000,78226,2.419,False,Female,Human Resources
Sandra,24/04/95,1729797240000000000,116931,9.657,True,Female,Human Resources
Andrea,30/10/94,1729768980000000000,87575,13.346,True,Female,Business Development
Rachel,22/04/88,1729771260000000000,110924,7.808,False,Female,Distribution
Justin,24/05/81,1729811700000000000,78351,15.221,False,Male,Sales
Marie,23/11/00,1729746360000000000,125574,4.644,False,Female,Sales
Louis,15/04/11,1729746120000000000,95198,2.075,False,Male,Business Development
Nancy,07/05/85,1729808400000000000,121006,3.512,True,Female,Finance
Mark,03/10/84,1729747860000000000,95728,6.752,True,Male,Business Development
Teresa,24/06/87,1729798620000000000,69740,8.294,False,Female,Distribution
Frances,21/07/01,1729737240000000000,91996,11.506,False,Female,Product
,11/10/90,1729810620000000000,98385,10.925,True,Female,Human Resources
Barbara,20/12/94,1729764540000000000,90556,15.749,True,Unknown,Distribution
Christine,15/06/80,1729792800000000000,50366,9.862,True,Unknown,Marketing
Bobby,21/07/03,1729785000000000000,84232,15.704,True,Unknown,Engineering
Carl,26/10/91,1729757460000000000,100888,12.49,True,Unknown,Business Development
Bruce,15/03/13,1729811580000000000,141335,15.427,True,Male,Engineering
Rose,20/05/82,1729761240000000000,97691,2.142,False,Female,Client Services
Mildred,21/02/81,1729740600000000000,47266,10.256,False,Female,Client Services
,13/10/83,1729814340000000000,139754,12.74,True,Male,Sales
,24/10/93,1729790220000000000,116236,17.274,True,Female,Engineering
Todd,16/02/10,1729769340000000000,103405,15.91,False,Male,Sales
Alan,17/02/12,1729729560000000000,41453,10.084,False,Male,Product
Elizabeth,16/02/81,1729742280000000000,52730,12.525,False,Unknown,Marketing
Julie,21/10/00,1729732500000000000,60361,7.099,True,Unknown,Distribution
Teresa,03/01/92,1729784820000000000,63103,11.378,False,Unknown,Finance
Eric,12/11/04,1729804560000000000,65168,11.513,False,Male,Distribution
Edward,30/08/01,1729733040000000000,73105,6.083,True,Male,Engineering
Kimberly,06/12/86,1729779780000000000,37916,12.929,True,Female,Distribution
Kathy,14/01/01,1729746660000000000,45682,1.451,True,Female,Marketing
Peter,24/11/92,1729791780000000000,69297,1.268,False,Male,Finance
Beverly,22/10/90,1729781100000000000,59070,19.064,True,Female,Engineering
Ralph,07/03/12,1729736700000000000,81215,8.4,False,Male,Finance
Justin,10/08/97,1729810800000000000,128036,18.824,False,Male,Client Services
Irene,23/06/05,1729767780000000000,89780,8.999,True,Female,Sales
Irene,29/11/06,1729779240000000000,125018,9.601,True,Female,Legal
Jeremy,26/11/97,1729758120000000000,133033,12.2,False,Male,Sales
Cynthia,29/06/15,1729751880000000000,82408,8.701,True,Female,Marketing
,13/04/97,1729756980000000000,131755,2.93,True,Female,Unknown
Anne,21/11/84,1729773000000000000,128305,16.636,False,Female,Marketing
,02/09/88,1729774140000000000,147309,1.702,True,Unknown,Distribution
Debra,12/03/83,1729772340000000000,74911,19.513,False,Female,Marketing
Michael,13/07/88,1729777680000000000,47079,2.617,False,Male,Legal
Jason,06/03/08,1729732800000000000,82873,1.869,False,Unknown,Client Services
Rebecca,23/02/90,1729783260000000000,134673,6.878,False,Female,Engineering
Andrea,17/11/11,1729780620000000000,123591,6.5,True,Female,Engineering
Carl,30/03/87,1729792740000000000,75598,19.289,False,Male,Unknown
Randy,27/09/00,1729739040000000000,89831,13.047,True,Male,Unknown
Marilyn,02/07/84,1729785960000000000,92430,2.924,False,Female,Engineering
Wayne,02/09/09,1729733820000000000,126956,18.396,False,Male,Human Resources
Frances,12/11/96,1729793280000000000,112467,1.433,False,Female,Business Development
Amanda,11/08/91,1729779300000000000,46665,19.391,True,Unknown,Client Services
Kathleen,28/08/04,1729766940000000000,42553,3.756,True,Female,Distribution
Amanda,25/01/95,1729746360000000000,102081,5.203,False,Female,Sales
Amanda,16/03/10,1729761420000000000,135118,15.108,False,Unknown,Finance
Shawn,29/09/87,1729807860000000000,71975,9.77,False,Male,Human Resources
Katherine,13/08/96,1729729260000000000,149908,18.912,False,Female,Finance
Anna,13/03/85,1729761540000000000,45418,10.162,False,Unknown,Marketing
Elizabeth,21/02/10,1729753320000000000,79145,19.78,False,Female,Finance
Donald,06/04/88,1729764000000000000,122920,5.32,False,Male,Unknown
Gregory,15/11/99,1729790520000000000,128031,15.857,True,Male,Business Development
Ruth,17/02/04,1729748280000000000,59969,14.064,True,Female,Finance
Cynthia,05/07/86,1729733040000000000,35381,11.749,False,Female,Finance
Deborah,21/11/85,1729777200000000000,113129,17.371,False,Female,Client Services
Willie,05/12/09,1729748340000000000,141932,1.017,True,Male,Engineering
Debra,28/05/06,1729752660000000000,42296,16.922,False,Female,Product
Carl,14/12/84,1729802940000000000,63395,11.411,False,Male,Legal
Walter,24/09/07,1729811760000000000,125382,13.613,True,Male,Client Services
Lisa,09/02/82,1729795440000000000,113592,17.108,True,Female,Marketing
Rebecca,05/03/00,1729765980000000000,46750,11.367,True,Female,Sales
Jessica,19/10/86,1729807080000000000,90285,13.591,True,Female,Client Services
Steve,27/08/09,1729784460000000000,53692,4.785,True,Unknown,Marketing
Mary,24/12/86,1729796520000000000,100341,6.662,False,Unknown,Distribution
Craig,21/08/95,1729737480000000000,123876,4.225,False,Male,Engineering
Katherine,19/12/00,1729734000000000000,41643,4.659,True,Female,Distribution
Andrea,31/08/89,1729811400000000000,113760,12.866,True,Female,Distribution
Timothy,06/10/10,1729810140000000000,49473,12.463,False,Male,Legal
Anthony,13/02/13,1729776900000000000,146141,3.645,True,Male,Distribution
Harold,04/02/04,1729767720000000000,79459,7.776,True,Unknown,Business Development
Douglas,04/02/09,1729735380000000000,104496,14.771,True,Unknown,Marketing
James,05/12/01,1729753560000000000,67789,17.105,True,Male,Legal
Joseph,28/03/82,1729775100000000000,86564,11.879,True,Unknown,Unknown
Martha,14/09/01,1729740120000000000,135758,14.782,True,Female,Client Services
Laura,12/07/00,1729793220000000000,84672,3.96,False,Female,Distribution
Robert,05/11/82,1729773660000000000,111580,10.982,False,Male,Human Resources
Ralph,24/03/96,1729770840000000000,50455,16.248,False,Male,Business Development
,28/08/12,1729799760000000000,88733,1.932,True,Male,Human Resources
Diane,30/10/09,1729796160000000000,130577,12.791,False,Female,Marketing
Annie,06/06/92,1729764240000000000,138925,9.801,True,Female,Marketing
Jacqueline,20/09/94,1729793220000000000,62371,15.77,True,Female,Client Services
Brenda,17/04/84,1729753920000000000,87715,2.675,False,Female,Product
Lori,11/09/02,1729755360000000000,66029,3.345,True,Female,Client Services
Albert,17/06/92,1729740300000000000,86818,14.301,True,Male,Engineering
Frank,23/11/02,1729793400000000000,75147,17.398,False,Male,Product
Deborah,23/04/00,1729796100000000000,105573,5.268,True,Female,Product
Robin,20/12/05,1729780920000000000,41230,6.611,True,Unknown,Distribution
Alice,21/01/16,1729789620000000000,117787,10.485,False,Female,Unknown
,20/10/89,1729762620000000000,88086,19.387,True,Male,Finance
Paul,18/02/11,1729772580000000000,91462,18.704,False,Unknown,Finance
,27/12/96,1729753620000000000,139959,8.992,True,Male,Distribution
Brian,07/04/07,1729810020000000000,93901,17.821,True,Male,Legal
Julie,08/05/80,1729751460000000000,50529,17.263,False,Unknown,Finance
Bruce,28/01/07,1729811400000000000,134988,13.926,True,Male,Sales
Joan,02/10/07,1729738380000000000,120941,3.694,True,Female,Finance
Harold,15/05/07,1729795020000000000,118753,8.162,False,Male,Sales
Alice,16/10/95,1729804740000000000,92799,2.782,False,Female,Sales
Barbara,12/11/11,1729730100000000000,85718,13.326,False,Female,Client Services
Sarah,06/04/99,1729768620000000000,109517,5.146,False,Female,Human Resources
Samuel,25/05/12,1729788000000000000,85550,11.593,True,Male,Marketing
,23/05/90,1729735740000000000,136655,9.801,True,Male,Distribution
Barbara,02/08/02,1729746780000000000,43312,8.218,True,Unknown,Legal
Amy,19/05/84,1729770420000000000,102839,10.385,True,Unknown,Distribution
Frank,02/03/09,1729804500000000000,78891,7.927,True,Male,Distribution
Robin,16/09/05,1729733160000000000,93201,11.712,True,Unknown,Legal
Debra,17/03/11,1729775520000000000,84693,6.976,True,Female,Finance
Brandon,31/05/04,1729784160000000000,73587,9.769,True,Unknown,Human Resources
Thomas,07/09/91,1729763460000000000,65251,11.211,False,Male,Distribution
Harry,23/09/15,1729733760000000000,129148,15.193,True,Male,Engineering
Todd,04/07/93,1729795980000000000,128175,18.473,True,Male,Unknown
Patricia,07/03/98,1729732200000000000,75825,7.839,False,Female,Engineering
Steve,11/01/02,1729804620000000000,51821,1.197,True,Male,Legal
,07/04/95,1729744320000000000,60411,12.048,True,Male,Human Resources
Edward,27/11/97,1729731600000000000,58327,17.095,True,Male,Finance
Karen,09/01/14,1729807740000000000,46478,16.552,False,Female,Engineering
Martin,06/02/01,1729743420000000000,123963,15.745,True,Unknown,Engineering
Ann,28/09/94,1729748640000000000,79796,9.851,False,Female,Distribution
Jonathan,30/07/84,1729792920000000000,83809,12.922,False,Male,Distribution
Peter,22/03/82,1729754880000000000,77933,13.132,True,Male,Engineering
Eric,15/06/93,1729742160000000000,51070,13.806,True,Male,Business Development
Jason,15/04/88,1729800960000000000,97480,11.518,False,Unknown,Human Resources
Terry,21/10/10,1729811880000000000,58357,7.969,False,Male,Engineering
John,29/01/99,1729739220000000000,67165,13.001,False,Male,Engineering
Marie,08/04/83,1729778460000000000,145988,18.685,True,Female,Human Resources
Harold,16/04/10,1729746780000000000,147417,11.626,True,Male,Business Development
Joshua,27/06/97,1729783380000000000,95003,5.197,True,Male,Marketing
Brandon,05/09/92,1729737120000000000,144187,11.416,True,Unknown,Legal
Andrea,10/12/01,1729752000000000000,37888,13.47,False,Female,Engineering
Jeremy,19/05/91,1729777200000000000,131513,1.876,True,Male,Finance
Daniel,29/02/16,1729742640000000000,77287,13.0,True,Male,Unknown
Roy,10/05/04,1729776120000000000,46875,12.942,True,Male,Sales
Dorothy,08/10/08,1729729320000000000,82744,19.111,True,Female,Client Services
Steven,07/09/86,1729729920000000000,43252,18.892,False,Male,Client Services
Nicole,26/04/09,1729730400000000000,66047,18.674,True,Female,Marketing
Ann,16/07/01,1729762020000000000,118431,12.772,True,Female,Finance
Henry,12/05/86,1729735440000000000,59943,1.432,False,Male,Finance
,17/06/09,1729774800000000000,136681,3.655,True,Male,Business Development
,18/12/94,1729802520000000000,138807,1.4,True,Female,Human Resources
Barbara,26/11/02,1729747920000000000,82884,6.837,True,Female,Business Development
Judy,05/04/11,1729734240000000000,48668,11.716,True,Female,Product
Lawrence,23/07/11,1729741260000000000,122971,14.618,False,Male,Product
Joseph,10/10/10,1729811520000000000,107050,12.737,False,Male,Business Development
Carlos,25/01/81,1729764000000000000,138598,14.737,False,Male,Sales
Russell,09/05/09,1729771140000000000,149456,3.533,False,Unknown,Marketing
Jane,10/07/99,1729796520000000000,128540,15.941,False,Female,Legal
Martin,25/02/16,1729794540000000000,61117,2.844,False,Male,Client Services
Steven,30/05/80,1729801500000000000,100949,13.813,True,Male,Human Resources
Judy,15/07/11,1729784280000000000,46829,5.19,True,Unknown,Finance
James,16/02/08,1729738140000000000,69111,14.625,True,Male,Business Development
Gloria,19/08/04,1729765860000000000,46602,1.027,True,Female,Business Development
Ernest,30/06/01,1729777560000000000,61181,16.559,False,Male,Business Development
Martha,17/07/97,1729811460000000000,94963,19.626,True,Female,Business Development
Janet,25/01/86,1729748880000000000,85789,9.712,False,Unknown,Legal
Louis,05/02/83,1729795140000000000,145274,16.379,False,Unknown,Product
Tina,06/08/99,1729739880000000000,102841,3.369,False,Female,Client Services
Henry,23/02/07,1729740240000000000,49665,18.338,False,Male,Business Development
Antonio,06/06/99,1729810440000000000,41928,5.478,True,Male,Unknown
Lisa,11/04/07,1729731840000000000,128042,2.03,True,Female,Legal
Denise,19/02/84,1729750920000000000,86150,3.997,False,Female,Client Services
Stephen,21/10/84,1729751160000000000,121816,10.615,True,Male,Distribution
Benjamin,12/04/88,1729812720000000000,123409,7.783,False,Male,Product
Carl,18/08/07,1729756860000000000,98295,7.617,True,Unknown,Legal
Ruth,02/09/80,1729752720000000000,59678,10.895,False,Female,Distribution
Shawn,29/12/06,1729739100000000000,57871,4.02,True,Male,Human Resources
Jennifer,31/03/15,1729798980000000000,132084,10.006,True,Female,Engineering
Terry,10/11/04,1729744380000000000,35633,3.947,True,Male,Distribution
Jacqueline,27/07/08,1729771680000000000,125298,3.019,True,Female,Legal
Roger,02/05/88,1729807440000000000,115582,15.343,True,Male,Sales
Alice,23/04/95,1729751700000000000,148339,11.479,True,Unknown,Finance
Justin,25/07/91,1729730700000000000,112975,9.699,False,Male,Human Resources
Janet,12/07/08,1729771800000000000,36927,18.769,False,Female,Client Services
Robin,26/03/04,1729791660000000000,70248,9.66,True,Female,Sales
Samuel,07/10/02,1729739280000000000,141305,9.849,True,Unknown,Marketing
Katherine,22/09/06,1729800480000000000,72002,13.178,True,Female,Product
Peter,22/05/91,1729733940000000000,102577,12.026,True,Male,Product
Lillian,14/08/09,1729748460000000000,113554,18.018,True,Female,Business Development
,24/10/86,1729761780000000000,47176,10.736,True,Male,Finance
,18/06/00,1729755360000000000,106428,10.867,True,Female,Unknown
Rose,03/11/99,1729760760000000000,75181,6.06,True,Female,Finance
Bobby,30/09/04,1729810320000000000,79047,18.784,False,Male,Human Resources
Kimberly,20/04/86,1729785300000000000,52970,4.513,False,Female,Sales
Antonio,28/12/03,1729743420000000000,137979,5.266,False,Male,Distribution
Doris,08/09/84,1729796580000000000,114360,17.799,True,Female,Business Development
Steven,05/07/09,1729745700000000000,110306,16.843,True,Male,Human Resources
Lawrence,03/07/95,1729810500000000000,46378,9.127,False,Male,Unknown
,06/05/86,1729788060000000000,74104,17.68,True,Male,Client Services
,15/04/91,1729741140000000000,132505,13.592,True,Unknown,Product
Stephanie,14/09/82,1729757640000000000,96649,3.453,False,Female,Sales
,24/07/82,1729728000000000000,57811,8.941,True,Female,Marketing
Sandra,07/09/89,1729786620000000000,111468,2.58,True,Female,Product
Kevin,01/07/05,1729783320000000000,141498,4.135,True,Male,Sales
Michelle,31/03/12,1729751280000000000,124441,16.353,False,Unknown,Business Development
Lisa,08/07/00,1729804740000000000,40121,6.293,False,Female,Product
Fred,03/03/89,1729736820000000000,129712,11.058,False,Male,Finance
Joseph,04/11/82,1729806360000000000,126010,19.601,False,Male,Legal
Anne,18/04/96,1729814220000000000,122762,9.564,False,Unknown,Distribution
Andrea,22/07/99,1729761900000000000,149105,13.707,True,Female,Distribution
Nicole,01/03/04,1729790220000000000,44021,10.286,False,Female,Unknown
Theresa,07/10/95,1729764960000000000,42025,3.319,True,Unknown,Human Resources
Catherine,31/08/86,1729794000000000000,59970,12.801,False,Female,Client Services
Rose,31/12/82,1729795800000000000,145001,19.85,False,Female,Engineering
Lawrence,01/10/84,1729778760000000000,102589,17.952,True,Male,Marketing
Raymond,12/12/86,1729772280000000000,47529,2.712,True,Male,Product
Clarence,05/08/89,1729793460000000000,148941,11.517,False,Male,Product
Ryan,15/04/88,1729747080000000000,91109,17.499,True,Male,Human Resources
Jane,12/01/92,1729776180000000000,51923,13.623,False,Female,Business Development
Lois,28/07/12,1729769940000000000,53954,19.075,False,Female,Product
Shawn,17/03/08,1729779120000000000,39335,10.664,False,Male,Distribution
Thomas,03/05/90,1729762140000000000,111371,15.081,True,Male,Engineering
Kathryn,29/01/08,1729729740000000000,86676,6.081,False,Female,Sales
Mary,06/11/11,1729758720000000000,115057,2.089,False,Female,Finance
Julie,08/03/80,1729746780000000000,145357,3.459,False,Female,Engineering
George,27/09/95,1729789440000000000,36749,19.754,False,Male,Finance
Ralph,10/02/00,1729788480000000000,89854,7.227,False,Male,Business Development
Judith,03/09/89,1729768560000000000,134048,6.818,True,Female,Marketing
,13/12/94,1729766040000000000,141311,5.478,True,Male,Product
Evelyn,10/02/02,1729745040000000000,123621,19.767,True,Female,Marketing
Rachel,23/06/11,1729731120000000000,54941,3.221,True,Female,Distribution
Maria,18/01/86,1729802160000000000,106562,4.0,False,Unknown,Human Resources
Kelly,17/03/07,1729794000000000000,39371,4.068,False,Female,Engineering
Ruby,31/05/08,1729802460000000000,83112,4.083,False,Female,Marketing
Ann,03/10/80,1729732080000000000,96941,10.048,True,Female,Distribution
Kenneth,14/12/85,1729752900000000000,47232,17.862,True,Male,Legal
William,18/11/93,1729772820000000000,54058,5.182,True,Male,Human Resources
,27/12/80,1729736820000000000,80399,12.254,True,Female,Distribution
Deborah,26/02/09,1729765020000000000,118043,7.266,True,Female,Business Development
,12/11/09,1729780200000000000,109411,9.494,True,Male,Engineering
Julia,18/08/14,1729739520000000000,97566,2.147,False,Female,Marketing
Robert,04/12/00,1729732800000000000,69267,5.89,True,Unknown,Sales
,01/08/88,1729733700000000000,87103,5.665,True,Unknown,Unknown
Jesse,16/07/14,1729736640000000000,98811,7.487,False,Unknown,Legal
Cynthia,12/07/06,1729760100000000000,149684,7.864,False,Female,Product
Johnny,14/01/07,1729781640000000000,71383,2.097,True,Male,Human Resources
Michael,31/08/02,1729732800000000000,81206,19.908,True,Male,Distribution
Kenneth,15/01/15,1729780860000000000,69112,7.588,True,Male,Finance
Keith,12/02/03,1729782120000000000,120672,19.467,False,Male,Legal
Gerald,28/05/10,1729772760000000000,96511,9.331,False,Male,Human Resources
Carl,11/02/82,1729756440000000000,49325,2.071,True,Unknown,Business Development
Douglas,04/08/07,1729747380000000000,132175,2.28,False,Male,Engineering
Carolyn,17/03/04,1729751880000000000,118037,13.492,False,Female,Finance
Joseph,23/05/85,1729808160000000000,139570,15.804,True,Male,Finance
Billy,06/04/00,1729782840000000000,115280,9.153,False,Male,Distribution
Joyce,25/07/01,1729749840000000000,51065,16.807,False,Female,Human Resources
Lillian,26/08/02,1729759980000000000,103854,4.924,True,Female,Distribution
Ruby,13/08/06,1729794420000000000,48354,19.501,False,Female,Business Development
Sandra,07/02/98,1729773540000000000,132327,19.264,False,Female,Product
Louise,26/02/82,1729731780000000000,106362,8.965,False,Female,Sales
Maria,19/06/85,1729734480000000000,148857,8.738,False,Unknown,Legal
Brenda,03/01/81,1729792860000000000,131131,11.682,False,Female,Client Services
Stephen,10/09/90,1729809720000000000,129663,15.574,False,Male,Human Resources
Nicole,02/05/81,1729771380000000000,41449,4.707,False,Unknown,Finance
Bobby,05/06/84,1729755600000000000,93368,2.88,True,Male,Product
Ernest,06/09/97,1729778520000000000,53335,9.192,False,Male,Product
Charles,03/09/97,1729764240000000000,148291,6.002,False,Male,Unknown
Bobby,19/08/96,1729732560000000000,147842,16.158,True,Male,Unknown
Diana,19/11/04,1729759620000000000,105066,17.343,True,Female,Business Development
Mildred,06/04/07,1729807560000000000,139284,11.39,True,Female,Unknown
Harry,10/02/85,1729799160000000000,63046,10.411,False,Male,Finance
Phillip,20/10/03,1729768140000000000,89700,2.277,True,Unknown,Unknown
Bonnie,18/01/06,1729795920000000000,108946,12.211,False,Unknown,Finance
Marie,08/12/93,1729794480000000000,98406,7.943,True,Female,Product
Sean,25/04/06,1729788660000000000,108581,9.634,False,Male,Human Resources
Robin,01/10/12,1729737840000000000,41808,19.239,False,Female,Business Development
Phillip,07/10/84,1729767900000000000,36837,14.66,False,Male,Marketing
Jerry,26/03/89,1729743300000000000,140850,18.855,False,Male,Finance
Ronald,25/05/83,1729764300000000000,50426,18.536,True,Male,Sales
Phillip,15/05/84,1729750500000000000,134120,6.842,False,Male,Human Resources
Ryan,16/11/12,1729777620000000000,57292,6.01,False,Male,Unknown
Karen,29/08/97,1729788960000000000,80633,16.306,False,Female,Legal
Bonnie,25/08/04,1729736220000000000,131943,14.249,False,Female,Client Services
Earl,15/06/13,1729738800000000000,48046,7.737,False,Male,Marketing
Katherine,18/08/13,1729785480000000000,97443,13.657,False,Female,Product
Matthew,03/08/95,1729748340000000000,135352,7.986,True,Male,Business Development
Cynthia,19/11/96,1729809600000000000,107816,18.751,False,Unknown,Marketing
Gerald,29/03/03,1729766220000000000,96329,2.469,True,Male,Engineering
Brenda,18/01/15,1729787940000000000,73749,19.332,False,Female,Business Development
Jason,01/05/98,1729793100000000000,75607,4.299,True,Male,Sales
Melissa,08/09/94,1729743060000000000,98858,3.525,True,Female,Human Resources
Beverly,11/04/98,1729780020000000000,76485,9.212,True,Female,Engineering
Terry,11/09/92,1729788060000000000,41238,8.219,False,Unknown,Marketing
,05/09/80,1729755360000000000,114896,13.823,True,Male,Client Services
Jacqueline,25/05/03,1729797180000000000,125418,8.064,False,Female,Distribution
Amy,20/05/09,1729751160000000000,75415,19.132,False,Female,Client Services
Robert,25/05/07,1729739820000000000,90998,8.382,False,Unknown,Finance
Ruby,28/01/80,1729811280000000000,142868,6.318,False,Female,Marketing
Sara,18/11/14,1729781220000000000,135990,14.344,True,Unknown,Distribution
Kathryn,27/10/95,1729784340000000000,57300,18.015,False,Female,Marketing
Lisa,17/10/03,1729777320000000000,73706,18.53,False,Female,Finance
Juan,06/10/93,1729759920000000000,85871,9.16,False,Male,Product
Anthony,30/01/14,1729803840000000000,96795,14.837,False,Male,Sales
David,05/12/09,1729759680000000000,92242,15.407,False,Male,Legal
Marilyn,08/10/07,1729729920000000000,115149,11.934,True,Female,Legal
Margaret,04/01/01,1729739220000000000,126924,1.552,True,Female,Finance
,24/11/15,1729739460000000000,145329,7.1,True,Male,Finance
Timothy,25/08/91,1729766220000000000,92587,8.475,False,Male,Finance
Brandon,23/10/95,1729771440000000000,60263,2.709,False,Male,Sales
Frank,27/07/13,1729787520000000000,91406,5.681,True,Male,Business Development
Betty,19/11/02,1729766400000000000,37005,7.645,True,Female,Marketing
Janice,19/11/91,1729792920000000000,139791,16.968,False,Unknown,Business Development
Victor,10/03/10,1729789260000000000,45267,3.942,True,Male,Sales
Kenneth,28/02/94,1729764600000000000,95296,10.146,False,Unknown,Finance
Jane,27/04/12,1729779120000000000,59680,15.211,True,Female,Business Development
Walter,21/05/92,1729730340000000000,144701,16.323,True,Male,Marketing
Christina,23/06/02,1729783080000000000,35477,18.178,False,Female,Human Resources
Patricia,10/10/95,1729788720000000000,119266,6.911,False,Female,Distribution
,23/05/01,1729799520000000000,103877,6.322,True,Male,Distribution
Heather,29/07/83,1729766880000000000,47605,14.955,True,Female,Human Resources
Stephanie,26/06/88,1729748880000000000,136604,6.16,True,Female,Human Resources
Alice,09/02/13,1729730940000000000,121250,4.363,True,Female,Finance
Frances,16/05/14,1729758660000000000,35884,17.667,False,Female,Sales
Elizabeth,27/07/98,1729768320000000000,137144,10.081,False,Female,Finance
Janice,17/12/09,1729752120000000000,102697,3.283,False,Female,Engineering
Donald,01/08/91,1729736700000000000,61999,6.466,False,Male,Product
Melissa,22/10/02,1729732800000000000,45223,8.879,True,Female,Legal
Carl,07/07/10,1729776780000000000,54033,15.528,True,Male,Business Development
Joe,08/12/98,1729765680000000000,126120,1.02,False,Male,Unknown
Lois,11/12/15,1729786200000000000,99747,6.168,False,Female,Marketing
Ann,28/09/01,1729751820000000000,71958,5.272,True,Female,Distribution
Todd,04/01/83,1729773240000000000,115566,6.716,True,Male,Client Services
Marilyn,16/01/96,1729754280000000000,118369,7.696,True,Female,Business Development
Shawn,13/03/08,1729791360000000000,51667,6.339,False,Male,Product
Ryan,27/04/99,1729741260000000000,85858,19.475,False,Male,Client Services
Sean,21/03/09,1729769880000000000,131423,8.957,False,Male,Distribution
Rose,02/01/02,1729804440000000000,49538,9.828,False,Female,Client Services
George,05/06/15,1729748400000000000,50369,18.9,True,Male,Sales
Arthur,05/12/13,1729759440000000000,86615,3.412,True,Male,Business Development
Irene,28/02/91,1729808580000000000,135369,4.38,False,Unknown,Business Development
Deborah,11/11/03,1729788780000000000,60003,9.624,False,Female,Client Services
,23/08/00,1729786740000000000,95866,19.388,True,Female,Sales
Judith,01/03/04,1729755120000000000,109324,19.488,False,Female,Distribution
Philip,11/03/05,1729767360000000000,103557,16.014,True,Male,Business Development
Jeffrey,20/09/86,1729749960000000000,111376,2.673,True,Male,Business Development
Theresa,27/04/01,1729804620000000000,75661,1.079,True,Female,Legal
Nancy,10/09/01,1729814220000000000,85213,2.386,True,Female,Marketing
Harold,23/06/12,1729773600000000000,140444,3.771,False,Male,Distribution
Bonnie,23/12/08,1729761960000000000,90427,2.01,True,Female,Client Services
Doris,05/07/93,1729792440000000000,141439,3.799,False,Female,Business Development
Samuel,07/08/97,1729773600000000000,43694,3.787,True,Male,Engineering
Alice,23/03/96,1729739340000000000,131952,12.09,False,Female,Engineering
Maria,14/03/03,1729790580000000000,96250,10.056,False,Female,Business Development
Aaron,22/01/86,1729798740000000000,63126,18.424,False,Unknown,Client Services
Mark,09/09/06,1729772820000000000,44836,2.657,False,Unknown,Client Services
Ralph,28/07/95,1729795980000000000,70635,2.147,False,Unknown,Client Services
Andrew,28/09/90,1729762680000000000,137386,8.611,True,Male,Distribution
William,26/06/97,1729758780000000000,104840,15.653,True,Male,Engineering
Lori,20/11/15,1729775700000000000,75498,6.537,True,Female,Marketing
Wayne,08/09/06,1729768140000000000,67471,2.728,False,Male,Engineering
Kenneth,10/05/06,1729758240000000000,101914,1.905,True,Male,Distribution
Gerald,15/04/89,1729773840000000000,93712,17.426,True,Unknown,Distribution
,15/09/85,1729734600000000000,133472,16.941,True,Female,Distribution
,30/07/12,1729782420000000000,107351,5.329,True,Male,Marketing
Ashley,31/03/06,1729776240000000000,142410,11.048,True,Female,Engineering
Scott,20/08/11,1729757280000000000,37385,8.226,True,Male,Business Development
Paula,21/05/83,1729770120000000000,58423,10.833,False,Female,Business Development
,14/09/10,1729747140000000000,143638,9.662,True,Female,Unknown
Teresa,22/01/13,1729783020000000000,113425,11.907,True,Female,Human Resources
Randy,25/02/12,1729747980000000000,57266,14.077,False,Male,Product
Joe,19/01/80,1729785960000000000,119667,1.148,True,Male,Finance
Sarah,17/08/14,1729811280000000000,127118,11.176,False,Female,Legal
Beverly,17/10/86,1729731060000000000,80838,8.115,False,Female,Engineering
Jeffrey,03/02/84,1729776360000000000,70990,15.901,True,Male,Sales
Gloria,24/10/87,1729744980000000000,39833,9.631,False,Female,Engineering
Albert,19/09/92,1729737300000000000,45094,5.85,True,Male,Business Development
Stephen,29/10/89,1729812840000000000,93997,18.093,True,Male,Business Development
Antonio,18/06/89,1729805820000000000,103050,3.05,False,Unknown,Legal
Jonathan,21/08/13,1729730700000000000,121797,16.923,False,Male,Product
Ann,23/09/94,1729768500000000000,89443,17.94,True,Female,Sales
Bruce,07/05/80,1729800000000000000,35802,12.391,True,Male,Sales
Catherine,25/09/89,1729733460000000000,68164,18.393,False,Female,Client Services
Louis,16/08/11,1729790340000000000,93022,9.146,True,Male,Human Resources
Thomas,12/03/16,1729782600000000000,105681,19.572,False,Male,Engineering
Louise,27/03/95,1729808820000000000,43050,11.671,False,Female,Distribution
Linda,04/02/10,1729802940000000000,44486,17.308,True,Female,Engineering
Alice,03/09/88,1729803240000000000,63571,15.397,True,Female,Product
Patrick,30/12/02,1729735260000000000,75423,5.368,True,Male,Business Development
Victor,28/07/06,1729781340000000000,76381,11.159,True,Unknown,Sales
Russell,10/05/13,1729811280000000000,137359,11.105,False,Male,Business Development
Harry,30/08/11,1729794660000000000,67656,16.455,True,Male,Client Services
Susan,07/04/95,1729807500000000000,92436,12.467,False,Female,Sales
Denise,19/10/92,1729748520000000000,137954,4.195,True,Female,Legal
Sarah,04/12/95,1729761360000000000,124566,5.949,False,Female,Product
Sean,17/01/83,1729779780000000000,66146,11.178,False,Male,Human Resources
Ernest,20/07/13,1729752060000000000,142935,13.198,True,Male,Product
Kimberly,26/01/13,1729731420000000000,46233,8.862,True,Female,Engineering
James,15/01/93,1729790340000000000,148985,19.28,False,Male,Legal
Rose,06/04/82,1729766580000000000,91411,8.639,True,Female,Human Resources
John,23/12/82,1729809300000000000,146907,11.738,False,Male,Engineering
Maria,15/10/11,1729788780000000000,43455,13.04,False,Female,Engineering
Stephen,10/07/83,1729800600000000000,85668,1.909,False,Unknown,Legal
Donna,26/11/82,1729753440000000000,82871,17.999,False,Female,Marketing
Gloria,08/12/14,1729746480000000000,136709,10.331,True,Female,Finance
Alice,05/10/04,1729762440000000000,47638,11.209,False,Female,Human Resources
Justin,10/02/91,1729789080000000000,38344,3.794,False,Unknown,Legal
Robin,24/07/87,1729776900000000000,100765,10.982,True,Female,Client Services
Rose,25/08/02,1729746720000000000,134505,11.051,True,Female,Marketing
Anthony,16/10/11,1729758900000000000,112769,11.625,True,Male,Finance
Tina,15/05/97,1729785180000000000,56450,19.04,True,Female,Engineering
George,21/06/13,1729792020000000000,98874,4.479,True,Male,Marketing
Henry,23/11/14,1729750140000000000,132483,16.655,False,Unknown,Distribution
Phillip,31/01/84,1729751400000000000,42392,19.675,False,Male,Finance
Russell,20/05/13,1729773540000000000,96914,1.421,False,Male,Product
Larry,20/04/13,1729788300000000000,60500,11.985,False,Male,Business Development
Albert,15/05/12,1729794240000000000,129949,10.169,True,Male,Sales
