first_name,gender,start_date,last_login_time,salary,bonus_percent,senior_management,team
Douglas,1,06/08/93,1730378520000000000,97308,6.945,True,1
Thomas,1,31/03/96,1730357580000000000,61933,4.17,True,2
Maria,2,23/04/93,1730373420000000000,130590,11.858,False,3
Jerry,1,04/03/05,1730379600000000000,138705,9.34,True,3
Larry,1,24/01/98,1730393220000000000,101004,1.389,True,4
Dennis,1,18/04/87,1730338500000000000,115163,10.125,False,5
Ruby,2,17/08/87,1730391600000000000,65476,10.012,True,6
,2,20/07/15,1730371380000000000,45906,11.598,True,3
Angela,2,22/11/05,1730356140000000000,95570,18.523,True,7
Frances,2,08/08/02,1730357460000000000,139852,7.524,True,8
Louise,2,12/08/80,1730365260000000000,63241,15.132,True,2
Julie,2,26/10/97,1730387940000000000,102508,12.637,True,5
Brandon,1,01/12/80,1730336880000000000,112807,17.492,True,9
Gary,1,27/01/08,1730418000000000000,109831,5.831,False,10
Kimberly,2,14/01/99,1730358780000000000,41426,14.543,True,3
Lillian,2,05/06/16,1730354940000000000,59414,1.256,False,6
Jeremy,1,21/09/10,1730354160000000000,90370,7.369,False,9
Shawn,1,07/12/86,1730403900000000000,111737,6.414,False,6
Diana,2,23/10/81,1730370420000000000,132940,19.082,False,4
Donna,2,22/07/10,1730346480000000000,81014,1.894,False,6
Lois,3,22/04/95,1730402280000000000,64714,4.934,True,5
Matthew,1,05/09/95,1730340720000000000,100612,13.645,False,1
Joshua,3,08/03/12,1730339880000000000,90816,18.816,True,4
,1,14/06/12,1730391540000000000,125792,5.042,True,2
John,1,01/07/92,1730412480000000000,97950,13.873,False,4
,1,08/10/12,1730337120000000000,37076,18.576,True,4
Craig,1,27/02/00,1730360700000000000,37598,7.757,True,1
Scott,3,11/07/91,1730401080000000000,122367,5.218,False,5
Terry,1,27/11/81,1730399400000000000,124008,13.464,True,4
Benjamin,1,26/01/05,1730412360000000000,79529,7.008,True,5
Christina,2,06/08/02,1730380740000000000,118780,9.096,True,7
Joyce,3,20/02/05,1730385600000000000,88657,12.752,False,6
,1,21/08/98,1730384820000000000,122340,6.417,True,2
Jean,2,18/12/93,1730365620000000000,119082,16.18,False,8
Jerry,1,10/01/04,1730379360000000000,95734,19.096,False,4
Theresa,2,10/10/06,1730337120000000000,85182,16.675,False,10
Rachel,2,16/02/09,1730407620000000000,142032,12.599,False,8
Linda,2,19/10/81,1730407740000000000,57427,9.557,True,4
Stephanie,2,13/09/86,1730339520000000000,36844,5.574,True,8
,1,29/01/16,1730341980000000000,122173,7.797,True,4
Michael,1,10/10/08,1730373900000000000,99283,2.665,True,11
Christine,3,28/06/15,1730336880000000000,66582,11.308,True,8
Beverly,2,09/09/98,1730406360000000000,121918,15.835,False,5
Marilyn,2,07/12/80,1730344560000000000,73524,5.207,True,1
Cynthia,2,16/11/88,1730400840000000000,145146,7.482,True,6
Roger,1,17/04/80,1730374320000000000,88010,13.886,True,10
Bruce,1,28/11/09,1730414820000000000,114796,6.796,False,3
Kathy,2,22/06/05,1730350260000000000,66820,9.0,True,4
Clarence,1,26/03/96,1730354220000000000,93581,6.083,True,8
Chris,3,24/01/80,1730376780000000000,113590,3.055,False,10
Nancy,2,23/09/00,1730361900000000000,94976,13.83,True,7
,3,17/12/11,1730363340000000000,41126,14.009,True,10
Todd,1,18/02/90,1730342460000000000,49339,1.695,True,9
Alan,3,03/03/14,1730381280000000000,40341,17.578,True,3
Sara,2,15/08/07,1730366580000000000,83677,8.999,False,7
Karen,2,30/11/99,1730360760000000000,102488,17.653,True,6
Carl,1,03/05/06,1730397300000000000,130276,16.084,True,3
Henry,1,26/06/96,1730339040000000000,64715,15.107,True,9
Theresa,2,11/04/10,1730359080000000000,72670,1.481,True,7
Irene,2,07/05/97,1730367120000000000,66851,11.279,False,7
Paula,3,23/11/05,1730383260000000000,48866,4.271,False,11
Denise,2,06/11/01,1730376180000000000,106862,3.699,False,8
,2,12/06/07,1730395500000000000,58112,19.414,True,1
Matthew,1,02/01/13,1730413980000000000,35203,18.04,False,9
Kathleen,3,11/04/90,1730400360000000000,77834,18.771,False,8
Steve,1,11/11/09,1730418240000000000,61310,12.428,True,11
Nancy,2,15/12/12,1730419020000000000,125250,2.672,True,8
Rachel,2,16/08/99,1730357580000000000,51178,9.735,True,3
Jose,1,30/10/04,1730381940000000000,84834,14.33,True,3
Irene,3,14/07/15,1730392260000000000,100863,4.382,True,3
Todd,3,10/06/03,1730384760000000000,84692,6.617,False,4
Johnny,1,06/11/09,1730391780000000000,118172,16.194,True,10
Bobby,1,07/05/07,1730368860000000000,54043,3.833,False,6
Frances,2,04/04/99,1730391540000000000,90582,4.709,True,10
Thomas,1,04/06/95,1730384640000000000,62096,17.029,False,1
Bonnie,2,02/07/91,1730338020000000000,104897,5.118,True,9
Margaret,2,10/09/88,1730378520000000000,131604,7.353,True,11
Charles,1,14/09/04,1730405580000000000,107391,1.26,True,1
Robin,2,04/06/83,1730387700000000000,114797,5.965,True,10
Bonnie,2,13/11/88,1730388600000000000,115814,4.99,False,6
Gerald,3,17/03/95,1730335800000000000,137126,15.602,True,10
Christopher,1,30/03/08,1730371920000000000,47369,14.822,False,5
Steven,1,30/03/80,1730409600000000000,35095,8.379,True,4
Shawn,1,23/09/05,1730343300000000000,148115,6.539,True,3
Doris,2,20/08/04,1730353860000000000,83072,7.511,False,3
Jeremy,1,01/02/08,1730364600000000000,100238,3.887,True,4
Annie,3,29/09/07,1730333460000000000,103495,17.29,True,8
Annie,2,30/01/93,1730340300000000000,144887,8.276,True,10
Donna,2,27/11/91,1730383140000000000,64088,6.155,True,5
Janice,2,12/03/16,1730335200000000000,51082,11.955,False,5
Janice,3,21/08/97,1730351520000000000,91719,11.583,True,5
James,3,26/01/05,1730415600000000000,128771,8.309,False,2
Linda,2,25/05/00,1730396700000000000,119009,12.506,True,8
Virginia,3,07/05/94,1730397480000000000,111858,1.601,True,5
Harry,1,26/08/81,1730387760000000000,130620,7.03,False,5
Heather,2,11/07/98,1730384220000000000,43026,14.166,False,4
Cynthia,2,21/03/94,1730363640000000000,142321,1.737,False,3
Laura,3,19/07/14,1730409780000000000,140371,10.62,True,1
Tina,2,16/06/16,1730404020000000000,100705,16.961,True,1
Harold,1,02/01/85,1730410800000000000,77544,12.447,False,8
Melissa,2,21/06/05,1730356380000000000,48109,14.995,False,3
Aaron,1,17/02/12,1730370000000000000,61602,11.849,True,1
Jack,1,12/01/97,1730353860000000000,103902,12.159,False,4
Phyllis,2,11/10/96,1730410200000000000,136984,8.932,True,3
John,1,23/12/89,1730358060000000000,80740,19.305,False,1
Kathy,2,09/03/96,1730349180000000000,91712,8.567,False,3
Paul,1,04/08/93,1730402700000000000,42146,3.046,False,5
Steven,1,23/04/13,1730412720000000000,68680,16.565,False,5
Russell,3,05/05/88,1730361420000000000,133980,12.396,True,5
Christopher,1,22/04/00,1730369700000000000,37919,11.449,False,2
Shirley,2,20/06/01,1730414340000000000,147113,16.135,False,5
Bonnie,2,17/12/99,1730387520000000000,42153,8.454,True,8
Willie,1,27/11/03,1730355660000000000,64363,4.023,False,1
Tina,2,12/06/09,1730358960000000000,114767,3.711,True,7
Ashley,2,04/08/02,1730372400000000000,58698,6.811,True,8
Pamela,2,01/07/82,1730357460000000000,54585,4.166,False,6
,1,22/06/91,1730408280000000000,76189,18.988,True,5
Steven,1,01/03/95,1730386980000000000,109095,9.494,False,3
Andrea,2,12/01/12,1730353380000000000,120204,9.557,False,8
Paul,1,03/06/08,1730387100000000000,41054,12.299,False,1
Peter,1,17/11/94,1730398500000000000,84885,15.402,False,8
Kathleen,3,09/05/16,1730364900000000000,119735,18.74,False,6
Christina,2,13/04/12,1730383440000000000,110169,13.892,True,7
Helen,2,29/11/01,1730341800000000000,73789,14.841,True,6
Marilyn,2,16/11/83,1730363340000000000,76078,2.401,True,6
Patricia,2,01/09/03,1730357160000000000,49368,14.226,False,9
Michelle,2,30/03/84,1730400180000000000,57325,17.179,True,9
William,1,29/09/02,1730390940000000000,66521,5.83,False,9
Kenneth,1,25/08/87,1730409360000000000,127654,16.439,True,4
Antonio,1,25/10/88,1730382600000000000,60866,13.101,True,8
Shirley,2,01/05/84,1730380500000000000,41334,6.219,True,9
Rebecca,2,10/07/92,1730334180000000000,94231,17.517,False,6
Carlos,1,04/01/95,1730358120000000000,146670,10.763,False,9
Lois,2,25/12/87,1730391360000000000,106317,2.235,True,4
Carolyn,2,09/04/11,1730353080000000000,109260,2.65,True,8
Gloria,2,29/06/07,1730352840000000000,134148,8.833,True,5
Henry,1,24/04/95,1730348280000000000,43542,19.687,False,5
Adam,1,21/05/11,1730339100000000000,95327,15.12,False,11
Ashley,2,25/05/06,1730374200000000000,112238,6.03,True,7
,2,03/10/90,1730336880000000000,132373,10.527,True,2
Shirley,2,28/02/81,1730380980000000000,113850,1.854,False,1
Adam,1,24/12/90,1730408220000000000,110194,14.727,True,6
Elizabeth,2,09/10/03,1730397180000000000,146129,5.687,False,3
Teresa,3,28/01/16,1730372100000000000,140013,8.689,True,7
Nicole,3,05/03/82,1730384880000000000,122717,12.452,False,10
Jennifer,2,04/04/09,1730414820000000000,71715,13.079,True,4
Patricia,2,25/11/92,1730341440000000000,95322,4.15,False,6
Philip,1,17/07/08,1730381400000000000,89227,3.996,False,5
Patrick,3,14/07/91,1730341440000000000,124488,14.837,True,10
,2,17/08/14,1730383200000000000,86230,8.578,True,11
Sean,1,04/05/96,1730408340000000000,135490,19.934,False,1
Brandon,3,03/11/97,1730405820000000000,121333,15.295,False,8
Ruth,2,19/08/99,1730347380000000000,129297,8.067,True,4
Victor,3,10/03/11,1730407200000000000,84546,10.489,True,3
Rebecca,2,15/11/80,1730347980000000000,85730,5.359,True,6
Marie,2,16/03/03,1730333520000000000,104058,17.695,True,8
Howard,1,27/04/92,1730337000000000000,105062,1.563,False,9
,2,27/07/05,1730363520000000000,79536,14.443,True,6
Norma,2,28/02/99,1730407500000000000,114412,8.756,True,1
James,3,22/11/83,1730415120000000000,68501,14.316,False,1
Kathy,2,18/03/00,1730402760000000000,149563,16.991,True,3
Marilyn,3,22/08/99,1730365740000000000,103386,11.451,False,11
Arthur,1,13/04/98,1730374080000000000,89786,14.422,True,5
Terry,1,03/09/90,1730409300000000000,52226,19.135,False,4
Mary,2,13/08/99,1730336580000000000,134645,18.197,False,8
,2,23/03/14,1730381280000000000,59148,9.061,True,5
,2,09/07/91,1730400720000000000,42341,7.014,True,10
Christopher,1,24/12/11,1730377320000000000,142178,17.984,True,10
Peter,3,03/09/87,1730397540000000000,38989,7.017,True,1
Michelle,2,04/11/96,1730410440000000000,53754,5.455,True,6
Irene,2,29/01/92,1730374560000000000,133772,19.02,True,10
Patrick,1,17/08/07,1730344560000000000,143499,17.495,True,7
Sara,2,23/09/91,1730398620000000000,97058,9.402,False,3
Lillian,2,21/12/08,1730400660000000000,85446,3.959,True,7
,3,18/09/07,1730401140000000000,40297,6.185,True,4
Willie,1,17/02/98,1730406000000000000,146651,1.451,True,7
Victor,1,08/01/03,1730379720000000000,124486,10.166,False,6
Wayne,1,07/04/12,1730361600000000000,102652,14.085,True,11
Jane,2,03/09/97,1730340060000000000,144474,17.648,False,6
Jessica,2,23/10/95,1730353980000000000,68759,19.343,True,3
Mark,1,12/04/08,1730396400000000000,57286,5.025,True,8
Randy,1,14/11/99,1730376720000000000,58129,1.952,True,11
Lillian,2,19/06/99,1730393040000000000,123940,12.184,True,8
Ruth,3,18/05/99,1730354160000000000,98233,2.518,True,11
Jerry,1,18/12/03,1730357160000000000,140810,9.177,True,4
Sandra,2,19/01/83,1730359500000000000,42090,8.842,True,5
,2,23/02/05,1730411400000000000,149654,1.825,True,10
Roger,1,19/11/04,1730390100000000000,51430,6.46,False,1
Charles,1,14/10/00,1730410800000000000,71749,15.931,False,5
Clarence,1,02/05/98,1730344560000000000,85700,1.215,False,10
Carol,2,19/03/96,1730345940000000000,57783,9.129,False,3
Lois,2,18/10/13,1730393460000000000,36946,6.652,False,7
Barbara,3,03/05/03,1730403120000000000,99326,16.475,True,5
Rebecca,2,18/02/95,1730357400000000000,109259,4.443,True,5
Irene,2,30/01/04,1730406300000000000,131038,8.996,False,11
Ronald,1,30/04/14,1730384340000000000,121068,12.757,True,6
Steven,1,10/11/85,1730371980000000000,62719,19.127,False,4
Carolyn,2,06/11/12,1730346660000000000,69268,3.031,False,4
Maria,2,27/12/90,1730411820000000000,36067,9.64,True,6
Jonathan,1,17/07/09,1730362500000000000,130581,16.736,True,2
Gary,1,12/08/87,1730333040000000000,89661,8.525,False,3
Kimberly,2,15/07/97,1730354220000000000,36643,7.953,False,1
Roger,1,08/11/82,1730341920000000000,140558,5.084,True,10
Diana,2,04/01/13,1730361180000000000,103521,2.784,True,8
Willie,1,06/06/06,1730367900000000000,55281,4.935,True,1
Brandon,1,27/03/06,1730397240000000000,115711,8.012,True,3
Patricia,2,06/12/12,1730347260000000000,114079,8.399,True,4
Katherine,2,14/11/99,1730362500000000000,57531,1.767,False,4
Jonathan,1,12/10/87,1730343540000000000,141069,4.903,False,9
Emily,2,20/09/07,1730373900000000000,89434,11.295,False,7
Ruth,2,12/08/86,1730402940000000000,44639,9.148,True,5
Linda,2,24/06/06,1730376240000000000,110967,19.612,True,9
Lisa,2,02/11/09,1730367720000000000,115387,1.821,False,4
Evelyn,2,24/05/80,1730416200000000000,81673,15.364,True,7
Julie,2,23/07/89,1730382720000000000,109588,3.55,False,7
Mary,2,30/05/09,1730418060000000000,92544,3.8,False,4
Matthew,1,31/07/13,1730361840000000000,142373,2.462,False,1
Douglas,1,03/09/99,1730390400000000000,83341,1.015,True,4
Gregory,3,15/06/92,1730351280000000000,98865,10.628,True,3
Billy,1,13/03/95,1730376300000000000,120444,7.768,True,3
,2,17/06/91,1730378940000000000,71945,5.56,True,1
Gregory,1,29/01/00,1730354460000000000,109564,3.845,False,5
Jason,1,17/10/99,1730412540000000000,78417,3.067,False,3
Daniel,1,30/04/10,1730346480000000000,106947,15.866,True,5
Sarah,2,14/09/95,1730361000000000000,87298,2.311,False,11
Harry,1,01/10/15,1730404020000000000,64579,15.266,True,10
Kathy,2,19/04/95,1730335560000000000,50905,9.404,True,3
Todd,1,13/04/99,1730370660000000000,59728,11.226,True,4
Bobby,1,23/09/94,1730338140000000000,51685,17.445,True,7
Jeremy,1,08/06/00,1730333700000000000,49542,1.679,True,11
George,3,24/02/88,1730374140000000000,38375,8.999,False,5
Diane,2,18/04/93,1730344920000000000,64084,17.018,False,6
Marilyn,2,04/04/97,1730410080000000000,147663,10.263,False,9
Kathryn,2,04/02/04,1730382420000000000,73935,14.752,False,10
Irene,2,04/02/82,1730395560000000000,40837,12.182,True,4
Norma,2,11/02/15,1730418240000000000,94393,3.643,True,7
Laura,2,02/04/06,1730383020000000000,42087,2.624,False,6
Cheryl,2,23/09/08,1730343420000000000,52080,9.375,False,5
Kevin,1,25/03/82,1730359860000000000,35061,5.128,False,5
Lillian,3,12/05/16,1730389380000000000,64164,17.612,False,9
Phyllis,3,21/04/84,1730401500000000000,94088,19.107,False,11
Walter,1,06/07/83,1730418840000000000,127813,5.961,False,3
Robert,1,27/10/90,1730402100000000000,38041,18.428,True,7
Jimmy,1,07/10/86,1730397180000000000,126310,5.413,True,6
Clarence,1,08/10/96,1730379180000000000,142561,8.866,False,4
Victor,1,11/04/91,1730360640000000000,70817,17.138,False,7
Fred,3,02/12/84,1730383380000000000,59937,12.045,True,9
Brenda,3,27/07/10,1730416020000000000,106115,3.742,True,6
Justin,1,06/12/92,1730397480000000000,82782,4.366,True,11
Betty,2,12/06/02,1730347140000000000,104896,19.55,True,8
Randy,3,06/02/86,1730387040000000000,133943,8.94,True,10
Sharon,3,01/03/90,1730346360000000000,83658,6.513,False,8
Ralph,1,11/11/04,1730338500000000000,71896,4.232,True,1
,3,28/04/03,1730343660000000000,113732,10.391,True,10
Edward,1,27/05/85,1730412780000000000,110485,7.995,False,4
Denise,2,20/03/09,1730361420000000000,115118,5.108,False,9
Debra,2,13/03/98,1730416560000000000,48696,4.75,False,5
,1,25/11/99,1730355360000000000,42676,15.517,True,10
Michael,1,24/01/02,1730343840000000000,43586,12.659,False,2
Henry,1,06/02/95,1730363640000000000,89258,15.585,True,9
Gloria,2,27/03/07,1730339040000000000,90730,2.491,False,11
Marie,2,06/08/95,1730383080000000000,100308,13.677,False,6
Anne,2,16/07/86,1730383680000000000,69134,3.723,True,7
Sarah,3,21/11/85,1730380080000000000,58295,14.603,True,7
Stephanie,2,24/03/83,1730373300000000000,50141,13.218,True,9
Roy,1,23/09/04,1730381460000000000,101941,3.45,False,4
,2,05/08/09,1730362440000000000,115145,14.063,True,11
,1,04/02/05,1730379660000000000,40451,16.044,True,11
Irene,2,03/03/82,1730363160000000000,56526,5.81,True,3
,2,02/08/92,1730406900000000000,145316,18.517,True,9
Thomas,1,06/04/11,1730379840000000000,103235,9.554,True,9
Frank,3,20/11/01,1730369880000000000,58563,12.062,True,1
Fred,1,20/02/80,1730341500000000000,74129,18.225,False,6
Nicholas,1,12/04/94,1730406060000000000,74669,1.113,True,6
Howard,1,05/10/82,1730359320000000000,97490,5.46,True,1
Debra,2,22/02/94,1730413500000000000,104250,18.456,True,8
Christine,2,03/07/89,1730347260000000000,94345,11.996,False,3
Brenda,3,29/05/91,1730356320000000000,82439,19.062,False,10
Betty,2,28/06/05,1730397780000000000,51613,12.984,False,11
Ruby,2,08/11/00,1730403300000000000,105946,1.139,False,8
Kevin,1,12/07/97,1730340420000000000,46080,9.635,False,8
Arthur,1,01/01/14,1730403960000000000,134610,6.147,True,9
Carl,3,07/02/14,1730347020000000000,125104,12.345,False,4
Todd,1,11/03/09,1730346180000000000,107281,1.612,True,7
Brenda,2,06/10/05,1730410380000000000,141521,4.337,False,4
Judy,2,16/09/97,1730333400000000000,65931,2.304,False,9
Todd,1,02/02/84,1730369580000000000,69989,10.985,True,3
Lois,2,09/11/11,1730358360000000000,147183,9.999,True,4
Walter,3,21/12/99,1730413980000000000,66757,18.099,False,11
Jessica,2,27/09/85,1730381700000000000,75145,6.388,True,5
Jeremy,1,14/06/88,1730398800000000000,129460,13.657,True,2
Tammy,2,11/11/84,1730370600000000000,132839,17.463,True,4
Anne,2,07/03/00,1730357100000000000,44537,18.284,True,4
Jesse,1,25/10/99,1730388900000000000,118733,9.653,False,1
Virginia,2,20/10/99,1730355780000000000,46905,19.154,False,11
Jesse,1,02/03/81,1730402760000000000,79582,3.873,False,5
Jeremy,3,10/11/96,1730382540000000000,55394,3.18,True,10
Daniel,1,15/09/07,1730412960000000000,123811,7.664,True,9
Patrick,3,30/08/04,1730374980000000000,137314,4.542,True,1
Emily,2,13/01/88,1730356920000000000,36711,19.028,True,9
Alan,1,26/06/88,1730346840000000000,111786,3.592,True,7
James,1,11/07/15,1730407920000000000,72257,13.023,False,7
Adam,1,05/07/07,1730375940000000000,71276,5.027,True,9
Joan,3,25/07/80,1730377320000000000,38712,3.657,False,4
Jeremy,1,12/08/81,1730333100000000000,46930,18.702,True,3
Margaret,2,06/02/93,1730379900000000000,125220,3.733,False,1
Mark,1,01/04/84,1730380860000000000,121477,17.44,True,8
Marilyn,2,26/09/81,1730341380000000000,86386,2.937,False,11
Cheryl,2,08/09/09,1730369760000000000,81308,2.196,True,5
Benjamin,1,11/09/84,1730356620000000000,84810,15.794,False,1
Harold,1,20/02/90,1730415600000000000,66775,2.158,True,5
Ernest,3,18/01/02,1730339460000000000,72145,13.448,True,3
Gerald,1,16/04/01,1730412540000000000,121604,1.923,True,10
Judy,2,01/07/91,1730341980000000000,109510,13.457,True,5
Bobby,1,31/03/96,1730396400000000000,112117,6.338,False,2
Bobby,3,01/09/95,1730383740000000000,108127,15.858,False,4
Marie,2,03/10/13,1730405100000000000,123711,10.966,False,6
Kathy,2,18/12/13,1730387340000000000,132381,8.34,False,8
Roy,1,06/08/06,1730361120000000000,148225,1.841,False,3
Jacqueline,2,25/11/81,1730386860000000000,145988,18.243,False,1
,2,08/07/08,1730418000000000000,62960,14.356,True,10
Julie,2,23/03/86,1730366760000000000,56926,7.507,False,10
Douglas,1,08/01/02,1730400120000000000,41428,14.372,False,6
Linda,2,16/12/90,1730341200000000000,115658,3.041,True,10
Ruby,2,10/12/88,1730406420000000000,76707,6.031,False,8
Russell,1,02/01/05,1730339280000000000,60388,17.885,False,4
Jeffrey,1,18/06/97,1730404860000000000,45150,12.075,True,6
Aaron,1,29/01/94,1730400480000000000,58755,5.097,True,1
Samuel,1,19/12/91,1730343240000000000,76076,5.319,True,3
,1,27/01/10,1730343420000000000,87760,14.987,True,7
Randy,1,16/03/14,1730399040000000000,135119,7.887,False,4
Evelyn,2,03/09/83,1730383080000000000,36759,17.269,True,1
Fred,1,13/02/87,1730384100000000000,121723,18.645,True,6
Shirley,2,08/06/86,1730341500000000000,110061,7.494,False,4
Todd,1,23/05/11,1730391240000000000,85074,1.844,False,4
Robert,1,18/11/14,1730350800000000000,85799,19.93,False,3
Mark,1,22/01/07,1730385420000000000,75150,12.182,True,5
Earl,1,05/01/00,1730396760000000000,91344,4.035,True,10
Richard,1,27/09/05,1730338860000000000,86326,10.717,False,6
Michael,1,22/11/91,1730379420000000000,98753,16.443,True,9
Steven,1,12/05/09,1730384040000000000,113060,2.846,True,10
Carlos,1,19/09/07,1730336460000000000,77327,11.58,True,3
Marie,2,20/10/11,1730412540000000000,62666,10.247,False,6
Ronald,1,24/02/09,1730383740000000000,96633,4.99,True,7
Scott,1,12/05/09,1730349360000000000,58248,3.914,False,8
Steven,1,21/11/06,1730363400000000000,83706,6.96,True,9
James,1,22/11/98,1730346480000000000,74086,5.778,True,9
Lori,2,31/03/88,1730415540000000000,95389,14.223,False,10
Philip,1,02/08/89,1730373660000000000,129968,19.897,False,3
Phyllis,2,24/11/05,1730419020000000000,140347,8.723,False,10
Thomas,3,31/08/95,1730406660000000000,41549,3.95,False,10
Cynthia,2,03/12/12,1730415780000000000,74287,10.751,False,10
,1,09/10/11,1730366940000000000,69906,4.844,True,7
,1,22/04/97,1730410560000000000,65078,3.095,True,1
Elizabeth,2,10/11/05,1730350560000000000,106406,1.782,True,5
Andrea,2,14/09/03,1730413800000000000,115913,12.121,False,5
Judy,2,01/02/90,1730388720000000000,38092,5.668,False,11
Russell,1,13/08/14,1730389860000000000,121160,7.843,False,7
Scott,1,17/12/11,1730346300000000000,90429,4.45,False,6
Sarah,2,22/05/94,1730358360000000000,64207,7.824,True,4
Susan,2,25/09/04,1730338200000000000,80688,18.892,True,10
Margaret,2,05/05/14,1730354460000000000,55044,4.078,False,10
Joshua,1,09/11/09,1730356320000000000,72893,9.555,False,11
Justin,3,15/04/05,1730407380000000000,96978,13.865,False,3
Juan,1,16/04/02,1730416140000000000,97364,3.595,False,6
Gloria,3,19/07/83,1730339820000000000,140885,1.113,False,9
Jennifer,3,24/01/89,1730407080000000000,58520,16.231,True,4
Edward,1,04/08/89,1730354760000000000,66067,10.957,True,2
Marilyn,2,17/12/82,1730376600000000000,147183,8.748,False,8
Mary,2,18/10/09,1730399520000000000,87721,12.484,False,6
Linda,2,15/07/09,1730412720000000000,144001,2.194,False,8
Larry,1,27/08/03,1730379600000000000,91133,5.14,False,10
Albert,1,01/02/97,1730391600000000000,67827,19.717,True,7
Kenneth,1,13/04/99,1730413680000000000,81839,12.072,False,10
,2,31/12/06,1730415720000000000,81444,3.171,True,11
Gregory,3,09/07/11,1730417460000000000,137661,4.805,True,10
Brandon,1,16/10/15,1730342640000000000,112548,4.664,False,7
Stephen,1,09/04/87,1730378820000000000,111249,10.574,True,9
Russell,1,30/10/94,1730353560000000000,114334,9.669,False,6
,2,18/09/02,1730378340000000000,118906,4.537,True,1
Pamela,3,15/07/01,1730381580000000000,72979,5.66,False,10
Scott,1,03/08/96,1730339400000000000,64172,10.894,True,7
,2,18/04/96,1730390220000000000,107024,12.182,True,2
Carlos,1,28/07/10,1730387280000000000,50167,2.362,False,6
Jack,1,24/12/80,1730415480000000000,106995,15.723,False,6
Debra,2,19/01/10,1730364480000000000,70492,8.895,False,4
Phyllis,2,15/01/95,1730352420000000000,125881,16.697,False,10
Robert,1,29/10/94,1730348760000000000,123294,19.894,False,4
Gloria,2,19/09/89,1730403600000000000,131045,11.312,True,6
Sharon,3,28/10/84,1730397540000000000,97635,10.413,True,4
Barbara,3,26/04/01,1730334120000000000,94493,13.443,True,10
Marilyn,2,15/08/89,1730366040000000000,140502,9.989,True,10
Ralph,1,27/10/10,1730370480000000000,106310,4.03,True,4
Harry,3,05/12/96,1730353500000000000,46240,6.976,True,7
Robin,2,08/01/98,1730340720000000000,111163,5.025,True,6
Kathy,2,25/11/01,1730411700000000000,93753,7.094,True,10
Rose,2,06/07/02,1730390220000000000,63494,19.385,True,9
Clarence,1,13/01/05,1730365200000000000,116693,13.835,True,11
Doris,2,29/07/92,1730400000000000000,85215,7.425,True,9
Kathryn,2,09/06/88,1730366940000000000,86439,7.799,False,3
Billy,3,16/03/04,1730362860000000000,62913,18.241,True,1
Norma,2,16/04/96,1730353200000000000,38872,9.302,True,8
Richard,3,28/11/92,1730394300000000000,124655,14.272,True,7
Craig,1,08/02/84,1730349900000000000,113506,19.642,False,1
Sarah,3,20/07/90,1730414940000000000,109980,8.86,False,10
Sharon,2,09/03/14,1730392740000000000,91522,7.564,False,3
Mary,2,22/08/10,1730361780000000000,42214,17.538,True,8
Steve,3,23/02/02,1730346900000000000,83159,9.55,True,11
Joe,1,05/12/10,1730391600000000000,144082,1.62,True,4
Jeremy,1,29/05/94,1730355840000000000,47885,19.276,True,9
Ernest,1,14/08/12,1730373900000000000,126232,6.191,True,10
Kevin,1,23/06/81,1730406360000000000,134598,11.699,False,8
Jacqueline,2,11/02/07,1730340060000000000,66604,14.609,False,5
Johnny,1,14/09/92,1730362860000000000,115194,5.861,True,1
Gary,1,18/08/11,1730362320000000000,49101,11.9,True,8
Shirley,3,16/11/90,1730397660000000000,67811,12.699,False,3
,1,29/06/08,1730352180000000000,111043,5.966,True,11
Sarah,3,31/08/81,1730386260000000000,37748,9.047,False,9
Julia,2,02/03/82,1730379120000000000,36403,2.664,True,3
Dorothy,2,05/11/13,1730415000000000000,140136,3.12,True,8
Justin,1,22/05/86,1730356200000000000,121508,19.334,True,3
Kevin,1,20/11/86,1730401140000000000,79906,18.021,True,10
Victor,1,24/09/05,1730376240000000000,123144,16.261,True,6
Deborah,2,25/11/80,1730349180000000000,46953,17.436,False,4
Matthew,3,09/06/03,1730360100000000000,79443,14.637,False,9
Alice,2,02/05/86,1730339400000000000,51395,2.378,True,3
Todd,1,16/03/16,1730385900000000000,134408,3.56,True,9
Frank,1,10/01/81,1730381400000000000,71853,8.037,True,10
Christopher,1,13/05/99,1730371680000000000,68028,7.869,True,3
Rose,2,28/05/15,1730364000000000000,149903,5.63,False,9
Andrea,2,01/10/10,1730375640000000000,79123,19.422,False,11
Charles,1,16/12/99,1730406480000000000,104014,7.077,False,5
Jessica,3,07/03/15,1730407500000000000,121160,12.993,False,4
Wanda,2,20/07/08,1730382240000000000,65362,7.132,True,5
Joyce,2,07/02/95,1730360280000000000,50701,14.227,True,2
Billy,1,01/12/06,1730388720000000000,144709,10.069,True,11
Kathryn,2,29/08/07,1730355000000000000,53061,11.864,True,3
Denise,2,18/03/01,1730332920000000000,36697,11.196,True,10
Jason,1,20/11/98,1730386440000000000,69244,6.22,True,2
Nicholas,1,01/03/13,1730409960000000000,101036,2.826,True,9
Aaron,1,22/07/90,1730386380000000000,52119,11.343,True,4
Louise,2,13/05/03,1730368020000000000,46666,1.886,True,8
Julie,2,23/04/98,1730353920000000000,73437,2.518,True,3
Kathy,2,08/05/87,1730398740000000000,86318,18.492,True,10
,1,24/05/16,1730409420000000000,76409,7.008,True,11
Chris,1,12/12/06,1730339820000000000,71642,1.496,False,2
Cheryl,2,16/08/94,1730363580000000000,67150,15.85,True,1
Gregory,1,15/05/09,1730389920000000000,142208,11.204,True,7
Wayne,1,30/01/92,1730386860000000000,81183,17.066,False,4
Beverly,2,30/11/05,1730343420000000000,107163,3.665,True,9
Willie,1,22/08/09,1730379780000000000,55038,19.691,False,5
Terry,3,15/07/16,1730334540000000000,140002,19.49,True,1
Scott,1,17/11/12,1730386020000000000,146812,1.965,True,1
Annie,2,19/12/94,1730355540000000000,40119,4.338,True,9
,1,21/02/95,1730334360000000000,136602,10.429,True,1
Ruth,2,24/10/00,1730347980000000000,69579,18.029,True,9
Deborah,3,03/02/83,1730417880000000000,101457,6.662,False,7
Patricia,2,09/01/15,1730348160000000000,121232,16.624,False,5
Albert,1,30/09/07,1730396040000000000,102626,15.843,False,3
Charles,3,01/03/87,1730379600000000000,137171,5.574,True,1
Tina,2,17/01/05,1730365860000000000,88276,14.248,False,5
Jeremy,1,09/08/01,1730346960000000000,43354,13.946,False,1
Craig,1,14/04/96,1730366220000000000,125556,7.996,False,7
Jose,1,11/07/02,1730366100000000000,59862,3.269,False,6
Lawrence,1,13/05/05,1730337900000000000,74640,18.641,False,1
Helen,2,31/10/97,1730342580000000000,52875,4.188,False,5
Walter,1,04/08/07,1730383140000000000,58789,5.461,False,10
Amy,2,19/06/02,1730343960000000000,122897,8.222,True,7
Janice,2,28/06/97,1730382480000000000,136032,10.696,True,1
Stephen,1,09/05/15,1730401620000000000,141958,9.078,True,5
Ryan,1,20/07/93,1730413080000000000,139917,11.466,False,11
Sharon,2,12/03/02,1730356320000000000,147635,14.693,False,9
Joshua,1,10/07/84,1730402520000000000,68230,8.047,False,4
Clarence,1,20/08/92,1730406180000000000,124365,8.457,False,8
Jonathan,1,15/08/02,1730332860000000000,104749,11.364,False,7
Stephanie,2,26/11/92,1730336040000000000,122121,7.937,True,7
Kathy,2,25/10/96,1730379540000000000,143541,8.461,False,9
Albert,1,14/08/08,1730396580000000000,137840,9.705,False,8
Michael,1,22/05/11,1730371320000000000,73354,18.357,False,8
Richard,1,04/07/97,1730375220000000000,47647,18.787,True,2
Amy,2,30/03/08,1730415240000000000,106249,15.967,False,10
,2,27/04/13,1730356800000000000,93847,1.085,True,8
Beverly,3,03/05/95,1730353740000000000,104815,3.38,False,6
,2,26/04/92,1730404860000000000,115436,3.099,True,9
Joe,1,14/04/00,1730387640000000000,50645,11.119,False,1
Ashley,2,15/08/97,1730411280000000000,142415,1.985,True,3
Howard,1,09/04/12,1730356560000000000,37984,2.021,False,11
Cheryl,2,03/12/14,1730366820000000000,71751,15.918,False,8
Robert,1,11/03/07,1730373600000000000,135882,19.944,False,5
Sharon,2,01/07/11,1730368200000000000,46007,19.731,True,4
Judith,2,23/11/07,1730380920000000000,117055,7.461,False,1
Nicholas,3,09/09/89,1730401920000000000,58478,6.525,True,11
Jerry,1,30/01/95,1730404260000000000,121357,18.845,False,8
Craig,1,01/11/05,1730417460000000000,44857,13.266,False,3
Barbara,2,21/03/02,1730361720000000000,47322,7.25,True,10
Eugene,1,24/05/84,1730372040000000000,81077,2.117,False,10
Johnny,1,26/02/16,1730403540000000000,76394,5.437,True,1
Benjamin,1,05/05/13,1730388480000000000,114356,7.123,False,4
Diana,2,13/06/94,1730391660000000000,41831,4.548,False,8
Barbara,3,10/12/80,1730415840000000000,90187,14.764,True,11
Christine,2,01/02/03,1730380260000000000,72613,11.126,False,5
Sean,1,11/02/13,1730401620000000000,42748,9.765,False,11
Sarah,2,03/11/80,1730386020000000000,37259,1.763,False,4
Roger,1,03/08/15,1730393760000000000,125033,4.887,True,1
,2,24/06/14,1730369100000000000,38275,10.494,True,11
,1,20/04/80,1730380620000000000,71520,13.248,True,7
Donald,1,14/07/95,1730361060000000000,106472,6.499,True,4
Clarence,1,03/11/15,1730333460000000000,103684,18.654,True,7
Scott,1,23/11/96,1730403360000000000,96111,15.592,False,9
Ann,2,04/11/84,1730377020000000000,90719,6.22,False,8
Frank,1,27/04/03,1730376240000000000,140303,17.07,False,5
Joe,1,04/07/83,1730359920000000000,62161,8.13,True,8
Wanda,2,06/04/93,1730344260000000000,78883,19.695,False,2
Jimmy,1,19/11/13,1730402940000000000,63549,19.624,False,2
Amy,3,25/12/84,1730371920000000000,63888,18.115,True,6
Larry,1,08/01/99,1730340300000000000,97370,10.458,False,10
Gloria,2,12/04/92,1730406360000000000,66224,15.979,True,5
Ruth,2,12/12/96,1730369220000000000,97915,3.997,True,9
Diana,2,19/01/95,1730335020000000000,86883,18.003,True,6
Raymond,1,16/02/09,1730414280000000000,37812,3.178,False,9
Peter,1,22/02/03,1730365740000000000,56580,8.411,True,2
,3,25/09/81,1730368740000000000,83895,17.971,True,7
Catherine,2,31/08/13,1730402640000000000,58047,14.858,True,11
Diane,2,05/07/82,1730393760000000000,124889,15.026,True,10
Peter,3,13/10/14,1730410380000000000,118840,14.509,True,4
Steve,1,22/08/95,1730357880000000000,67780,9.54,True,9
Barbara,2,22/03/04,1730362260000000000,144677,8.696,False,3
Helen,3,02/12/93,1730382120000000000,45724,1.022,False,6
Jimmy,3,26/08/83,1730342880000000000,86676,7.175,True,6
Christopher,1,23/04/14,1730361120000000000,82401,7.252,False,4
Kathleen,2,13/06/14,1730366160000000000,35575,14.595,False,11
Virginia,2,02/05/10,1730409000000000000,123649,10.154,True,1
Lisa,2,26/02/05,1730399580000000000,38078,10.28,True,6
Earl,1,11/02/14,1730408580000000000,52620,13.773,False,6
Gerald,3,08/01/92,1730389800000000000,133366,12.292,False,5
Louise,2,18/09/81,1730353620000000000,91462,8.205,False,1
Clarence,1,26/08/82,1730368020000000000,146589,4.905,True,8
Cynthia,2,14/09/91,1730380080000000000,51633,13.472,True,8
Adam,1,08/10/10,1730411580000000000,45181,3.491,False,9
Justin,1,06/09/99,1730370600000000000,62454,3.459,True,10
,2,02/12/09,1730345400000000000,84746,4.82,True,3
Ruby,2,01/05/99,1730345760000000000,147362,7.851,True,7
Amanda,2,01/08/04,1730381520000000000,80803,14.077,True,11
Anna,2,15/04/08,1730385240000000000,117293,2.366,False,4
Roger,1,03/07/10,1730394660000000000,105689,13.32,True,1
Julie,3,04/02/99,1730396100000000000,93302,9.048,True,6
Joseph,1,10/09/92,1730400600000000000,102555,3.672,True,6
Evelyn,2,22/09/98,1730404500000000000,51525,10.366,False,3
Janice,2,02/01/84,1730408760000000000,41190,3.311,True,10
Sara,2,25/02/80,1730415000000000000,75484,3.186,False,3
Gregory,1,18/06/84,1730346360000000000,82726,16.304,True,1
Philip,1,18/07/85,1730356560000000000,122319,19.122,False,7
Barbara,2,02/09/91,1730389260000000000,127297,11.905,True,6
Amanda,2,07/06/02,1730360760000000000,109290,13.853,False,7
Phyllis,3,25/10/85,1730358660000000000,99150,6.007,False,4
Anne,2,26/10/96,1730405340000000000,71930,18.451,True,6
Arthur,1,16/12/14,1730393760000000000,66819,6.639,True,1
Jane,2,01/06/94,1730363940000000000,42424,18.115,False,11
Linda,2,18/08/85,1730349240000000000,51431,13.295,False,7
Ashley,2,17/11/99,1730409480000000000,120675,6.51,False,9
Shawn,1,03/12/09,1730370240000000000,96610,2.097,True,4
Kathleen,2,20/09/96,1730389500000000000,71430,8.572,False,7
Sara,3,07/10/83,1730381700000000000,87713,18.863,True,5
Randy,1,02/05/02,1730403540000000000,86723,14.842,False,7
Andrew,1,29/03/85,1730401020000000000,43414,7.563,True,4
Marilyn,2,09/08/06,1730373840000000000,87145,17.33,False,9
Johnny,1,08/01/95,1730381700000000000,91124,12.986,True,11
,2,01/04/80,1730405040000000000,48141,12.605,True,2
Susan,2,18/04/86,1730367060000000000,90829,19.142,False,1
Ruby,2,07/07/80,1730346120000000000,101262,6.773,False,4
Kelly,2,16/08/96,1730344140000000000,41427,1.431,False,6
Jonathan,1,06/04/95,1730414280000000000,56993,18.623,False,1
Raymond,1,13/01/96,1730391240000000000,114244,16.69,False,9
Kimberly,2,30/12/81,1730350260000000000,81800,5.435,True,2
,2,13/01/09,1730379660000000000,118736,7.421,True,4
John,1,22/01/95,1730333820000000000,66077,5.809,True,6
Michael,1,30/07/93,1730396100000000000,35013,14.879,False,6
Jerry,1,04/05/03,1730348940000000000,98393,11.393,False,4
Amanda,2,17/03/82,1730418360000000000,107111,1.438,True,6
Harold,1,18/10/10,1730407500000000000,65673,1.187,True,5
Harry,1,27/01/85,1730405880000000000,65482,18.089,False,2
Ernest,1,28/01/90,1730333280000000000,81919,15.118,False,1
Harry,1,19/11/82,1730373900000000000,59277,10.2,False,3
Diane,2,02/02/88,1730398440000000000,49501,13.506,False,8
Jack,1,30/05/12,1730344620000000000,70367,18.266,True,5
Shirley,2,16/04/88,1730372940000000000,132156,2.754,False,1
Rose,2,30/10/04,1730392440000000000,56961,7.585,False,1
Cheryl,2,23/07/82,1730356080000000000,98841,8.945,True,4
Cynthia,2,23/05/80,1730344740000000000,78226,2.419,False,9
Sandra,2,24/04/95,1730402040000000000,116931,9.657,True,9
Andrea,2,30/10/94,1730373780000000000,87575,13.346,True,8
Rachel,2,22/04/88,1730376060000000000,110924,7.808,False,11
Justin,1,24/05/81,1730416500000000000,78351,15.221,False,10
Marie,2,23/11/00,1730351160000000000,125574,4.644,False,10
Louis,1,15/04/11,1730350920000000000,95198,2.075,False,8
Nancy,2,07/05/85,1730413200000000000,121006,3.512,True,3
Mark,1,03/10/84,1730352660000000000,95728,6.752,True,8
Teresa,2,24/06/87,1730403420000000000,69740,8.294,False,11
Frances,2,21/07/01,1730342040000000000,91996,11.506,False,6
,2,11/10/90,1730415420000000000,98385,10.925,True,9
Barbara,3,20/12/94,1730369340000000000,90556,15.749,True,11
Christine,3,15/06/80,1730397600000000000,50366,9.862,True,1
Bobby,3,21/07/03,1730389800000000000,84232,15.704,True,7
Carl,3,26/10/91,1730362260000000000,100888,12.49,True,8
Bruce,1,15/03/13,1730416380000000000,141335,15.427,True,7
Rose,2,20/05/82,1730366040000000000,97691,2.142,False,4
Mildred,2,21/02/81,1730345400000000000,47266,10.256,False,4
,1,13/10/83,1730419140000000000,139754,12.74,True,10
,2,24/10/93,1730395020000000000,116236,17.274,True,7
Todd,1,16/02/10,1730374140000000000,103405,15.91,False,10
Alan,1,17/02/12,1730334360000000000,41453,10.084,False,6
Elizabeth,3,16/02/81,1730347080000000000,52730,12.525,False,1
Julie,3,21/10/00,1730337300000000000,60361,7.099,True,11
Teresa,3,03/01/92,1730389620000000000,63103,11.378,False,3
Eric,1,12/11/04,1730409360000000000,65168,11.513,False,11
Edward,1,30/08/01,1730337840000000000,73105,6.083,True,7
Kimberly,2,06/12/86,1730384580000000000,37916,12.929,True,11
Kathy,2,14/01/01,1730351460000000000,45682,1.451,True,1
Peter,1,24/11/92,1730396580000000000,69297,1.268,False,3
Beverly,2,22/10/90,1730385900000000000,59070,19.064,True,7
Ralph,1,07/03/12,1730341500000000000,81215,8.4,False,3
Justin,1,10/08/97,1730415600000000000,128036,18.824,False,4
Irene,2,23/06/05,1730372580000000000,89780,8.999,True,10
Irene,2,29/11/06,1730384040000000000,125018,9.601,True,5
Jeremy,1,26/11/97,1730362920000000000,133033,12.2,False,10
Cynthia,2,29/06/15,1730356680000000000,82408,8.701,True,1
,2,13/04/97,1730361780000000000,131755,2.93,True,2
Anne,2,21/11/84,1730377800000000000,128305,16.636,False,1
,3,02/09/88,1730378940000000000,147309,1.702,True,11
Debra,2,12/03/83,1730377140000000000,74911,19.513,False,1
Michael,1,13/07/88,1730382480000000000,47079,2.617,False,5
Jason,3,06/03/08,1730337600000000000,82873,1.869,False,4
Rebecca,2,23/02/90,1730388060000000000,134673,6.878,False,7
Andrea,2,17/11/11,1730385420000000000,123591,6.5,True,7
Carl,1,30/03/87,1730397540000000000,75598,19.289,False,2
Randy,1,27/09/00,1730343840000000000,89831,13.047,True,2
Marilyn,2,02/07/84,1730390760000000000,92430,2.924,False,7
Wayne,1,02/09/09,1730338620000000000,126956,18.396,False,9
Frances,2,12/11/96,1730398080000000000,112467,1.433,False,8
Amanda,3,11/08/91,1730384100000000000,46665,19.391,True,4
Kathleen,2,28/08/04,1730371740000000000,42553,3.756,True,11
Amanda,2,25/01/95,1730351160000000000,102081,5.203,False,10
Amanda,3,16/03/10,1730366220000000000,135118,15.108,False,3
Shawn,1,29/09/87,1730412660000000000,71975,9.77,False,9
Katherine,2,13/08/96,1730334060000000000,149908,18.912,False,3
Anna,3,13/03/85,1730366340000000000,45418,10.162,False,1
Elizabeth,2,21/02/10,1730358120000000000,79145,19.78,False,3
Donald,1,06/04/88,1730368800000000000,122920,5.32,False,2
Gregory,1,15/11/99,1730395320000000000,128031,15.857,True,8
Ruth,2,17/02/04,1730353080000000000,59969,14.064,True,3
Cynthia,2,05/07/86,1730337840000000000,35381,11.749,False,3
Deborah,2,21/11/85,1730382000000000000,113129,17.371,False,4
Willie,1,05/12/09,1730353140000000000,141932,1.017,True,7
Debra,2,28/05/06,1730357460000000000,42296,16.922,False,6
Carl,1,14/12/84,1730407740000000000,63395,11.411,False,5
Walter,1,24/09/07,1730416560000000000,125382,13.613,True,4
Lisa,2,09/02/82,1730400240000000000,113592,17.108,True,1
Rebecca,2,05/03/00,1730370780000000000,46750,11.367,True,10
Jessica,2,19/10/86,1730411880000000000,90285,13.591,True,4
Steve,3,27/08/09,1730389260000000000,53692,4.785,True,1
Mary,3,24/12/86,1730401320000000000,100341,6.662,False,11
Craig,1,21/08/95,1730342280000000000,123876,4.225,False,7
Katherine,2,19/12/00,1730338800000000000,41643,4.659,True,11
Andrea,2,31/08/89,1730416200000000000,113760,12.866,True,11
Timothy,1,06/10/10,1730414940000000000,49473,12.463,False,5
Anthony,1,13/02/13,1730381700000000000,146141,3.645,True,11
Harold,3,04/02/04,1730372520000000000,79459,7.776,True,8
Douglas,3,04/02/09,1730340180000000000,104496,14.771,True,1
James,1,05/12/01,1730358360000000000,67789,17.105,True,5
Joseph,3,28/03/82,1730379900000000000,86564,11.879,True,2
Martha,2,14/09/01,1730344920000000000,135758,14.782,True,4
Laura,2,12/07/00,1730398020000000000,84672,3.96,False,11
Robert,1,05/11/82,1730378460000000000,111580,10.982,False,9
Ralph,1,24/03/96,1730375640000000000,50455,16.248,False,8
,1,28/08/12,1730404560000000000,88733,1.932,True,9
Diane,2,30/10/09,1730400960000000000,130577,12.791,False,1
Annie,2,06/06/92,1730369040000000000,138925,9.801,True,1
Jacqueline,2,20/09/94,1730398020000000000,62371,15.77,True,4
Brenda,2,17/04/84,1730358720000000000,87715,2.675,False,6
Lori,2,11/09/02,1730360160000000000,66029,3.345,True,4
Albert,1,17/06/92,1730345100000000000,86818,14.301,True,7
Frank,1,23/11/02,1730398200000000000,75147,17.398,False,6
Deborah,2,23/04/00,1730400900000000000,105573,5.268,True,6
Robin,3,20/12/05,1730385720000000000,41230,6.611,True,11
Alice,2,21/01/16,1730394420000000000,117787,10.485,False,2
,1,20/10/89,1730367420000000000,88086,19.387,True,3
Paul,3,18/02/11,1730377380000000000,91462,18.704,False,3
,1,27/12/96,1730358420000000000,139959,8.992,True,11
Brian,1,07/04/07,1730414820000000000,93901,17.821,True,5
Julie,3,08/05/80,1730356260000000000,50529,17.263,False,3
Bruce,1,28/01/07,1730416200000000000,134988,13.926,True,10
Joan,2,02/10/07,1730343180000000000,120941,3.694,True,3
Harold,1,15/05/07,1730399820000000000,118753,8.162,False,10
Alice,2,16/10/95,1730409540000000000,92799,2.782,False,10
Barbara,2,12/11/11,1730334900000000000,85718,13.326,False,4
Sarah,2,06/04/99,1730373420000000000,109517,5.146,False,9
Samuel,1,25/05/12,1730392800000000000,85550,11.593,True,1
,1,23/05/90,1730340540000000000,136655,9.801,True,11
Barbara,3,02/08/02,1730351580000000000,43312,8.218,True,5
Amy,3,19/05/84,1730375220000000000,102839,10.385,True,11
Frank,1,02/03/09,1730409300000000000,78891,7.927,True,11
Robin,3,16/09/05,1730337960000000000,93201,11.712,True,5
Debra,2,17/03/11,1730380320000000000,84693,6.976,True,3
Brandon,3,31/05/04,1730388960000000000,73587,9.769,True,9
Thomas,1,07/09/91,1730368260000000000,65251,11.211,False,11
Harry,1,23/09/15,1730338560000000000,129148,15.193,True,7
Todd,1,04/07/93,1730400780000000000,128175,18.473,True,2
Patricia,2,07/03/98,1730337000000000000,75825,7.839,False,7
Steve,1,11/01/02,1730409420000000000,51821,1.197,True,5
,1,07/04/95,1730349120000000000,60411,12.048,True,9
Edward,1,27/11/97,1730336400000000000,58327,17.095,True,3
Karen,2,09/01/14,1730412540000000000,46478,16.552,False,7
Martin,3,06/02/01,1730348220000000000,123963,15.745,True,7
Ann,2,28/09/94,1730353440000000000,79796,9.851,False,11
Jonathan,1,30/07/84,1730397720000000000,83809,12.922,False,11
Peter,1,22/03/82,1730359680000000000,77933,13.132,True,7
Eric,1,15/06/93,1730346960000000000,51070,13.806,True,8
Jason,3,15/04/88,1730405760000000000,97480,11.518,False,9
Terry,1,21/10/10,1730416680000000000,58357,7.969,False,7
John,1,29/01/99,1730344020000000000,67165,13.001,False,7
Marie,2,08/04/83,1730383260000000000,145988,18.685,True,9
Harold,1,16/04/10,1730351580000000000,147417,11.626,True,8
Joshua,1,27/06/97,1730388180000000000,95003,5.197,True,1
Brandon,3,05/09/92,1730341920000000000,144187,11.416,True,5
Andrea,2,10/12/01,1730356800000000000,37888,13.47,False,7
Jeremy,1,19/05/91,1730382000000000000,131513,1.876,True,3
Daniel,1,29/02/16,1730347440000000000,77287,13.0,True,2
Roy,1,10/05/04,1730380920000000000,46875,12.942,True,10
Dorothy,2,08/10/08,1730334120000000000,82744,19.111,True,4
Steven,1,07/09/86,1730334720000000000,43252,18.892,False,4
Nicole,2,26/04/09,1730335200000000000,66047,18.674,True,1
Ann,2,16/07/01,1730366820000000000,118431,12.772,True,3
Henry,1,12/05/86,1730340240000000000,59943,1.432,False,3
,1,17/06/09,1730379600000000000,136681,3.655,True,8
,2,18/12/94,1730407320000000000,138807,1.4,True,9
Barbara,2,26/11/02,1730352720000000000,82884,6.837,True,8
Judy,2,05/04/11,1730339040000000000,48668,11.716,True,6
Lawrence,1,23/07/11,1730346060000000000,122971,14.618,False,6
Joseph,1,10/10/10,1730416320000000000,107050,12.737,False,8
Carlos,1,25/01/81,1730368800000000000,138598,14.737,False,10
Russell,3,09/05/09,1730375940000000000,149456,3.533,False,1
Jane,2,10/07/99,1730401320000000000,128540,15.941,False,5
Martin,1,25/02/16,1730399340000000000,61117,2.844,False,4
Steven,1,30/05/80,1730406300000000000,100949,13.813,True,9
Judy,3,15/07/11,1730389080000000000,46829,5.19,True,3
James,1,16/02/08,1730342940000000000,69111,14.625,True,8
Gloria,2,19/08/04,1730370660000000000,46602,1.027,True,8
Ernest,1,30/06/01,1730382360000000000,61181,16.559,False,8
Martha,2,17/07/97,1730416260000000000,94963,19.626,True,8
Janet,3,25/01/86,1730353680000000000,85789,9.712,False,5
Louis,3,05/02/83,1730399940000000000,145274,16.379,False,6
Tina,2,06/08/99,1730344680000000000,102841,3.369,False,4
Henry,1,23/02/07,1730345040000000000,49665,18.338,False,8
Antonio,1,06/06/99,1730415240000000000,41928,5.478,True,2
Lisa,2,11/04/07,1730336640000000000,128042,2.03,True,5
Denise,2,19/02/84,1730355720000000000,86150,3.997,False,4
Stephen,1,21/10/84,1730355960000000000,121816,10.615,True,11
Benjamin,1,12/04/88,1730417520000000000,123409,7.783,False,6
Carl,3,18/08/07,1730361660000000000,98295,7.617,True,5
Ruth,2,02/09/80,1730357520000000000,59678,10.895,False,11
Shawn,1,29/12/06,1730343900000000000,57871,4.02,True,9
Jennifer,2,31/03/15,1730403780000000000,132084,10.006,True,7
Terry,1,10/11/04,1730349180000000000,35633,3.947,True,11
Jacqueline,2,27/07/08,1730376480000000000,125298,3.019,True,5
Roger,1,02/05/88,1730412240000000000,115582,15.343,True,10
Alice,3,23/04/95,1730356500000000000,148339,11.479,True,3
Justin,1,25/07/91,1730335500000000000,112975,9.699,False,9
Janet,2,12/07/08,1730376600000000000,36927,18.769,False,4
Robin,2,26/03/04,1730396460000000000,70248,9.66,True,10
Samuel,3,07/10/02,1730344080000000000,141305,9.849,True,1
Katherine,2,22/09/06,1730405280000000000,72002,13.178,True,6
Peter,1,22/05/91,1730338740000000000,102577,12.026,True,6
Lillian,2,14/08/09,1730353260000000000,113554,18.018,True,8
,1,24/10/86,1730366580000000000,47176,10.736,True,3
,2,18/06/00,1730360160000000000,106428,10.867,True,2
Rose,2,03/11/99,1730365560000000000,75181,6.06,True,3
Bobby,1,30/09/04,1730415120000000000,79047,18.784,False,9
Kimberly,2,20/04/86,1730390100000000000,52970,4.513,False,10
Antonio,1,28/12/03,1730348220000000000,137979,5.266,False,11
Doris,2,08/09/84,1730401380000000000,114360,17.799,True,8
Steven,1,05/07/09,1730350500000000000,110306,16.843,True,9
Lawrence,1,03/07/95,1730415300000000000,46378,9.127,False,2
,1,06/05/86,1730392860000000000,74104,17.68,True,4
,3,15/04/91,1730345940000000000,132505,13.592,True,6
Stephanie,2,14/09/82,1730362440000000000,96649,3.453,False,10
,2,24/07/82,1730332800000000000,57811,8.941,True,1
Sandra,2,07/09/89,1730391420000000000,111468,2.58,True,6
Kevin,1,01/07/05,1730388120000000000,141498,4.135,True,10
Michelle,3,31/03/12,1730356080000000000,124441,16.353,False,8
Lisa,2,08/07/00,1730409540000000000,40121,6.293,False,6
Fred,1,03/03/89,1730341620000000000,129712,11.058,False,3
Joseph,1,04/11/82,1730411160000000000,126010,19.601,False,5
Anne,3,18/04/96,1730419020000000000,122762,9.564,False,11
Andrea,2,22/07/99,1730366700000000000,149105,13.707,True,11
Nicole,2,01/03/04,1730395020000000000,44021,10.286,False,2
Theresa,3,07/10/95,1730369760000000000,42025,3.319,True,9
Catherine,2,31/08/86,1730398800000000000,59970,12.801,False,4
Rose,2,31/12/82,1730400600000000000,145001,19.85,False,7
Lawrence,1,01/10/84,1730383560000000000,102589,17.952,True,1
Raymond,1,12/12/86,1730377080000000000,47529,2.712,True,6
Clarence,1,05/08/89,1730398260000000000,148941,11.517,False,6
Ryan,1,15/04/88,1730351880000000000,91109,17.499,True,9
Jane,2,12/01/92,1730380980000000000,51923,13.623,False,8
Lois,2,28/07/12,1730374740000000000,53954,19.075,False,6
Shawn,1,17/03/08,1730383920000000000,39335,10.664,False,11
Thomas,1,03/05/90,1730366940000000000,111371,15.081,True,7
Kathryn,2,29/01/08,1730334540000000000,86676,6.081,False,10
Mary,2,06/11/11,1730363520000000000,115057,2.089,False,3
Julie,2,08/03/80,1730351580000000000,145357,3.459,False,7
George,1,27/09/95,1730394240000000000,36749,19.754,False,3
Ralph,1,10/02/00,1730393280000000000,89854,7.227,False,8
Judith,2,03/09/89,1730373360000000000,134048,6.818,True,1
,1,13/12/94,1730370840000000000,141311,5.478,True,6
Evelyn,2,10/02/02,1730349840000000000,123621,19.767,True,1
Rachel,2,23/06/11,1730335920000000000,54941,3.221,True,11
Maria,3,18/01/86,1730406960000000000,106562,4.0,False,9
Kelly,2,17/03/07,1730398800000000000,39371,4.068,False,7
Ruby,2,31/05/08,1730407260000000000,83112,4.083,False,1
Ann,2,03/10/80,1730336880000000000,96941,10.048,True,11
Kenneth,1,14/12/85,1730357700000000000,47232,17.862,True,5
William,1,18/11/93,1730377620000000000,54058,5.182,True,9
,2,27/12/80,1730341620000000000,80399,12.254,True,11
Deborah,2,26/02/09,1730369820000000000,118043,7.266,True,8
,1,12/11/09,1730385000000000000,109411,9.494,True,7
Julia,2,18/08/14,1730344320000000000,97566,2.147,False,1
Robert,3,04/12/00,1730337600000000000,69267,5.89,True,10
,3,01/08/88,1730338500000000000,87103,5.665,True,2
Jesse,3,16/07/14,1730341440000000000,98811,7.487,False,5
Cynthia,2,12/07/06,1730364900000000000,149684,7.864,False,6
Johnny,1,14/01/07,1730386440000000000,71383,2.097,True,9
Michael,1,31/08/02,1730337600000000000,81206,19.908,True,11
Kenneth,1,15/01/15,1730385660000000000,69112,7.588,True,3
Keith,1,12/02/03,1730386920000000000,120672,19.467,False,5
Gerald,1,28/05/10,1730377560000000000,96511,9.331,False,9
Carl,3,11/02/82,1730361240000000000,49325,2.071,True,8
Douglas,1,04/08/07,1730352180000000000,132175,2.28,False,7
Carolyn,2,17/03/04,1730356680000000000,118037,13.492,False,3
Joseph,1,23/05/85,1730412960000000000,139570,15.804,True,3
Billy,1,06/04/00,1730387640000000000,115280,9.153,False,11
Joyce,2,25/07/01,1730354640000000000,51065,16.807,False,9
Lillian,2,26/08/02,1730364780000000000,103854,4.924,True,11
Ruby,2,13/08/06,1730399220000000000,48354,19.501,False,8
Sandra,2,07/02/98,1730378340000000000,132327,19.264,False,6
Louise,2,26/02/82,1730336580000000000,106362,8.965,False,10
Maria,3,19/06/85,1730339280000000000,148857,8.738,False,5
Brenda,2,03/01/81,1730397660000000000,131131,11.682,False,4
Stephen,1,10/09/90,1730414520000000000,129663,15.574,False,9
Nicole,3,02/05/81,1730376180000000000,41449,4.707,False,3
Bobby,1,05/06/84,1730360400000000000,93368,2.88,True,6
Ernest,1,06/09/97,1730383320000000000,53335,9.192,False,6
Charles,1,03/09/97,1730369040000000000,148291,6.002,False,2
Bobby,1,19/08/96,1730337360000000000,147842,16.158,True,2
Diana,2,19/11/04,1730364420000000000,105066,17.343,True,8
Mildred,2,06/04/07,1730412360000000000,139284,11.39,True,2
Harry,1,10/02/85,1730403960000000000,63046,10.411,False,3
Phillip,3,20/10/03,1730372940000000000,89700,2.277,True,2
Bonnie,3,18/01/06,1730400720000000000,108946,12.211,False,3
Marie,2,08/12/93,1730399280000000000,98406,7.943,True,6
Sean,1,25/04/06,1730393460000000000,108581,9.634,False,9
Robin,2,01/10/12,1730342640000000000,41808,19.239,False,8
Phillip,1,07/10/84,1730372700000000000,36837,14.66,False,1
Jerry,1,26/03/89,1730348100000000000,140850,18.855,False,3
Ronald,1,25/05/83,1730369100000000000,50426,18.536,True,10
Phillip,1,15/05/84,1730355300000000000,134120,6.842,False,9
Ryan,1,16/11/12,1730382420000000000,57292,6.01,False,2
Karen,2,29/08/97,1730393760000000000,80633,16.306,False,5
Bonnie,2,25/08/04,1730341020000000000,131943,14.249,False,4
Earl,1,15/06/13,1730343600000000000,48046,7.737,False,1
Katherine,2,18/08/13,1730390280000000000,97443,13.657,False,6
Matthew,1,03/08/95,1730353140000000000,135352,7.986,True,8
Cynthia,3,19/11/96,1730414400000000000,107816,18.751,False,1
Gerald,1,29/03/03,1730371020000000000,96329,2.469,True,7
Brenda,2,18/01/15,1730392740000000000,73749,19.332,False,8
Jason,1,01/05/98,1730397900000000000,75607,4.299,True,10
Melissa,2,08/09/94,1730347860000000000,98858,3.525,True,9
Beverly,2,11/04/98,1730384820000000000,76485,9.212,True,7
Terry,3,11/09/92,1730392860000000000,41238,8.219,False,1
,1,05/09/80,1730360160000000000,114896,13.823,True,4
Jacqueline,2,25/05/03,1730401980000000000,125418,8.064,False,11
Amy,2,20/05/09,1730355960000000000,75415,19.132,False,4
Robert,3,25/05/07,1730344620000000000,90998,8.382,False,3
Ruby,2,28/01/80,1730416080000000000,142868,6.318,False,1
Sara,3,18/11/14,1730386020000000000,135990,14.344,True,11
Kathryn,2,27/10/95,1730389140000000000,57300,18.015,False,1
Lisa,2,17/10/03,1730382120000000000,73706,18.53,False,3
Juan,1,06/10/93,1730364720000000000,85871,9.16,False,6
Anthony,1,30/01/14,1730408640000000000,96795,14.837,False,10
David,1,05/12/09,1730364480000000000,92242,15.407,False,5
Marilyn,2,08/10/07,1730334720000000000,115149,11.934,True,5
Margaret,2,04/01/01,1730344020000000000,126924,1.552,True,3
,1,24/11/15,1730344260000000000,145329,7.1,True,3
Timothy,1,25/08/91,1730371020000000000,92587,8.475,False,3
Brandon,1,23/10/95,1730376240000000000,60263,2.709,False,10
Frank,1,27/07/13,1730392320000000000,91406,5.681,True,8
Betty,2,19/11/02,1730371200000000000,37005,7.645,True,1
Janice,3,19/11/91,1730397720000000000,139791,16.968,False,8
Victor,1,10/03/10,1730394060000000000,45267,3.942,True,10
Kenneth,3,28/02/94,1730369400000000000,95296,10.146,False,3
Jane,2,27/04/12,1730383920000000000,59680,15.211,True,8
Walter,1,21/05/92,1730335140000000000,144701,16.323,True,1
Christina,2,23/06/02,1730387880000000000,35477,18.178,False,9
Patricia,2,10/10/95,1730393520000000000,119266,6.911,False,11
,1,23/05/01,1730404320000000000,103877,6.322,True,11
Heather,2,29/07/83,1730371680000000000,47605,14.955,True,9
Stephanie,2,26/06/88,1730353680000000000,136604,6.16,True,9
Alice,2,09/02/13,1730335740000000000,121250,4.363,True,3
Frances,2,16/05/14,1730363460000000000,35884,17.667,False,10
Elizabeth,2,27/07/98,1730373120000000000,137144,10.081,False,3
Janice,2,17/12/09,1730356920000000000,102697,3.283,False,7
Donald,1,01/08/91,1730341500000000000,61999,6.466,False,6
Melissa,2,22/10/02,1730337600000000000,45223,8.879,True,5
Carl,1,07/07/10,1730381580000000000,54033,15.528,True,8
Joe,1,08/12/98,1730370480000000000,126120,1.02,False,2
Lois,2,11/12/15,1730391000000000000,99747,6.168,False,1
Ann,2,28/09/01,1730356620000000000,71958,5.272,True,11
Todd,1,04/01/83,1730378040000000000,115566,6.716,True,4
Marilyn,2,16/01/96,1730359080000000000,118369,7.696,True,8
Shawn,1,13/03/08,1730396160000000000,51667,6.339,False,6
Ryan,1,27/04/99,1730346060000000000,85858,19.475,False,4
Sean,1,21/03/09,1730374680000000000,131423,8.957,False,11
Rose,2,02/01/02,1730409240000000000,49538,9.828,False,4
George,1,05/06/15,1730353200000000000,50369,18.9,True,10
Arthur,1,05/12/13,1730364240000000000,86615,3.412,True,8
Irene,3,28/02/91,1730413380000000000,135369,4.38,False,8
Deborah,2,11/11/03,1730393580000000000,60003,9.624,False,4
,2,23/08/00,1730391540000000000,95866,19.388,True,10
Judith,2,01/03/04,1730359920000000000,109324,19.488,False,11
Philip,1,11/03/05,1730372160000000000,103557,16.014,True,8
Jeffrey,1,20/09/86,1730354760000000000,111376,2.673,True,8
Theresa,2,27/04/01,1730409420000000000,75661,1.079,True,5
Nancy,2,10/09/01,1730419020000000000,85213,2.386,True,1
Harold,1,23/06/12,1730378400000000000,140444,3.771,False,11
Bonnie,2,23/12/08,1730366760000000000,90427,2.01,True,4
Doris,2,05/07/93,1730397240000000000,141439,3.799,False,8
Samuel,1,07/08/97,1730378400000000000,43694,3.787,True,7
Alice,2,23/03/96,1730344140000000000,131952,12.09,False,7
Maria,2,14/03/03,1730395380000000000,96250,10.056,False,8
Aaron,3,22/01/86,1730403540000000000,63126,18.424,False,4
Mark,3,09/09/06,1730377620000000000,44836,2.657,False,4
Ralph,3,28/07/95,1730400780000000000,70635,2.147,False,4
Andrew,1,28/09/90,1730367480000000000,137386,8.611,True,11
William,1,26/06/97,1730363580000000000,104840,15.653,True,7
Lori,2,20/11/15,1730380500000000000,75498,6.537,True,1
Wayne,1,08/09/06,1730372940000000000,67471,2.728,False,7
Kenneth,1,10/05/06,1730363040000000000,101914,1.905,True,11
Gerald,3,15/04/89,1730378640000000000,93712,17.426,True,11
,2,15/09/85,1730339400000000000,133472,16.941,True,11
,1,30/07/12,1730387220000000000,107351,5.329,True,1
Ashley,2,31/03/06,1730381040000000000,142410,11.048,True,7
Scott,1,20/08/11,1730362080000000000,37385,8.226,True,8
Paula,2,21/05/83,1730374920000000000,58423,10.833,False,8
,2,14/09/10,1730351940000000000,143638,9.662,True,2
Teresa,2,22/01/13,1730387820000000000,113425,11.907,True,9
Randy,1,25/02/12,1730352780000000000,57266,14.077,False,6
Joe,1,19/01/80,1730390760000000000,119667,1.148,True,3
Sarah,2,17/08/14,1730416080000000000,127118,11.176,False,5
Beverly,2,17/10/86,1730335860000000000,80838,8.115,False,7
Jeffrey,1,03/02/84,1730381160000000000,70990,15.901,True,10
Gloria,2,24/10/87,1730349780000000000,39833,9.631,False,7
Albert,1,19/09/92,1730342100000000000,45094,5.85,True,8
Stephen,1,29/10/89,1730417640000000000,93997,18.093,True,8
Antonio,3,18/06/89,1730410620000000000,103050,3.05,False,5
Jonathan,1,21/08/13,1730335500000000000,121797,16.923,False,6
Ann,2,23/09/94,1730373300000000000,89443,17.94,True,10
Bruce,1,07/05/80,1730404800000000000,35802,12.391,True,10
Catherine,2,25/09/89,1730338260000000000,68164,18.393,False,4
Louis,1,16/08/11,1730395140000000000,93022,9.146,True,9
Thomas,1,12/03/16,1730387400000000000,105681,19.572,False,7
Louise,2,27/03/95,1730413620000000000,43050,11.671,False,11
Linda,2,04/02/10,1730407740000000000,44486,17.308,True,7
Alice,2,03/09/88,1730408040000000000,63571,15.397,True,6
Patrick,1,30/12/02,1730340060000000000,75423,5.368,True,8
Victor,3,28/07/06,1730386140000000000,76381,11.159,True,10
Russell,1,10/05/13,1730416080000000000,137359,11.105,False,8
Harry,1,30/08/11,1730399460000000000,67656,16.455,True,4
Susan,2,07/04/95,1730412300000000000,92436,12.467,False,10
Denise,2,19/10/92,1730353320000000000,137954,4.195,True,5
Sarah,2,04/12/95,1730366160000000000,124566,5.949,False,6
Sean,1,17/01/83,1730384580000000000,66146,11.178,False,9
Ernest,1,20/07/13,1730356860000000000,142935,13.198,True,6
Kimberly,2,26/01/13,1730336220000000000,46233,8.862,True,7
James,1,15/01/93,1730395140000000000,148985,19.28,False,5
Rose,2,06/04/82,1730371380000000000,91411,8.639,True,9
John,1,23/12/82,1730414100000000000,146907,11.738,False,7
Maria,2,15/10/11,1730393580000000000,43455,13.04,False,7
Stephen,3,10/07/83,1730405400000000000,85668,1.909,False,5
Donna,2,26/11/82,1730358240000000000,82871,17.999,False,1
Gloria,2,08/12/14,1730351280000000000,136709,10.331,True,3
Alice,2,05/10/04,1730367240000000000,47638,11.209,False,9
Justin,3,10/02/91,1730393880000000000,38344,3.794,False,5
Robin,2,24/07/87,1730381700000000000,100765,10.982,True,4
Rose,2,25/08/02,1730351520000000000,134505,11.051,True,1
Anthony,1,16/10/11,1730363700000000000,112769,11.625,True,3
Tina,2,15/05/97,1730389980000000000,56450,19.04,True,7
George,1,21/06/13,1730396820000000000,98874,4.479,True,1
Henry,3,23/11/14,1730354940000000000,132483,16.655,False,11
Phillip,1,31/01/84,1730356200000000000,42392,19.675,False,3
Russell,1,20/05/13,1730378340000000000,96914,1.421,False,6
Larry,1,20/04/13,1730393100000000000,60500,11.985,False,8
Albert,1,15/05/12,1730399040000000000,129949,10.169,True,10
